Date,Benchmark,AdjClose
,,SPY
2015-01-02,SPY,171.5680389404297
2015-01-05,SPY,168.46957397460938
2015-01-06,SPY,166.88275146484375
2015-01-07,SPY,168.96234130859375
2015-01-08,SPY,171.9605712890625
2015-01-09,SPY,170.5825653076172
2015-01-12,SPY,169.24627685546875
2015-01-13,SPY,168.77024841308594
2015-01-14,SPY,167.75132751464844
2015-01-15,SPY,166.21458435058594
2015-01-16,SPY,168.3944091796875
2015-01-20,SPY,168.7535858154297
2015-01-21,SPY,169.6053924560547
2015-01-22,SPY,172.12757873535156
2015-01-23,SPY,171.18386840820312
2015-01-26,SPY,171.58468627929688
2015-01-27,SPY,169.32147216796875
2015-01-28,SPY,167.1499786376953
2015-01-29,SPY,168.69508361816406
2015-01-30,SPY,166.57374572753906
2015-02-02,SPY,168.6366424560547
2015-02-03,SPY,171.07525634765625
2015-02-04,SPY,170.4239044189453
2015-02-05,SPY,172.14427185058594
2015-02-06,SPY,171.66827392578125
2015-02-09,SPY,170.89988708496094
2015-02-10,SPY,172.7205810546875
2015-02-11,SPY,172.82077026367188
2015-02-12,SPY,174.48277282714844
2015-02-13,SPY,175.20101928710938
2015-02-17,SPY,175.47659301757812
2015-02-18,SPY,175.4933319091797
2015-02-19,SPY,175.36802673339844
2015-02-20,SPY,176.4203643798828
2015-02-23,SPY,176.39529418945312
2015-02-24,SPY,176.89639282226562
2015-02-25,SPY,176.74607849121094
2015-02-26,SPY,176.53724670410156
2015-02-27,SPY,175.93594360351562
2015-03-02,SPY,177.04672241210938
2015-03-03,SPY,176.32012939453125
2015-03-04,SPY,175.57687377929688
2015-03-05,SPY,175.76895141601562
2015-03-06,SPY,173.29685974121094
2015-03-09,SPY,174.0150604248047
2015-03-10,SPY,171.19223022460938
2015-03-11,SPY,170.79132080078125
2015-03-12,SPY,172.96273803710938
2015-03-13,SPY,171.902099609375
2015-03-16,SPY,174.19879150390625
2015-03-17,SPY,173.68106079101562
2015-03-18,SPY,175.76895141601562
2015-03-19,SPY,174.96714782714844
2015-03-20,SPY,176.51158142089844
2015-03-23,SPY,176.1676025390625
2015-03-24,SPY,175.1776885986328
2015-03-25,SPY,172.61070251464844
2015-03-26,SPY,172.19969177246094
2015-03-27,SPY,172.59390258789062
2015-03-30,SPY,174.6995391845703
2015-03-31,SPY,173.17274475097656
2015-04-01,SPY,172.5603790283203
2015-04-02,SPY,173.18112182617188
2015-04-06,SPY,174.34718322753906
2015-04-07,SPY,173.88583374023438
2015-04-08,SPY,174.47305297851562
2015-04-09,SPY,175.2447967529297
2015-04-10,SPY,176.20118713378906
2015-04-13,SPY,175.4042510986328
2015-04-14,SPY,175.7398223876953
2015-04-15,SPY,176.52830505371094
2015-04-16,SPY,176.47799682617188
2015-04-17,SPY,174.44784545898438
2015-04-20,SPY,176.04173278808594
2015-04-21,SPY,175.8320770263672
2015-04-22,SPY,176.69615173339844
2015-04-23,SPY,177.14071655273438
2015-04-24,SPY,177.55178833007812
2015-04-27,SPY,176.8136444091797
2015-04-28,SPY,177.37562561035156
2015-04-29,SPY,176.64581298828125
2015-04-30,SPY,174.875732421875
2015-05-01,SPY,176.77157592773438
2015-05-04,SPY,177.2749786376953
2015-05-05,SPY,175.2447967529297
2015-05-06,SPY,174.52334594726562
2015-05-07,SPY,175.2196807861328
2015-05-08,SPY,177.52664184570312
2015-05-11,SPY,176.67930603027344
2015-05-12,SPY,176.15084838867188
2015-05-13,SPY,176.18441772460938
2015-05-14,SPY,178.02159118652344
2015-05-15,SPY,178.2145538330078
2015-05-18,SPY,178.7681884765625
2015-05-19,SPY,178.70945739746094
2015-05-20,SPY,178.5836639404297
2015-05-21,SPY,179.103759765625
2015-05-22,SPY,178.67593383789062
2015-05-26,SPY,176.75485229492188
2015-05-27,SPY,178.43263244628906
2015-05-28,SPY,178.23129272460938
2015-05-29,SPY,177.12400817871094
2015-06-01,SPY,177.4846649169922
2015-06-02,SPY,177.30850219726562
2015-06-03,SPY,177.7783203125
2015-06-04,SPY,176.27667236328125
2015-06-05,SPY,175.97470092773438
2015-06-08,SPY,174.89248657226562
2015-06-09,SPY,174.8673553466797
2015-06-10,SPY,176.96461486816406
2015-06-11,SPY,177.53509521484375
2015-06-12,SPY,176.17601013183594
2015-06-15,SPY,175.42098999023438
2015-06-16,SPY,176.37738037109375
2015-06-17,SPY,176.66259765625
2015-06-18,SPY,178.49972534179688
2015-06-19,SPY,177.7073516845703
2015-06-22,SPY,178.6177520751953
2015-06-23,SPY,178.74423217773438
2015-06-24,SPY,177.44602966308594
2015-06-25,SPY,176.9065704345703
2015-06-26,SPY,176.87281799316406
2015-06-29,SPY,173.16371154785156
2015-06-30,SPY,173.52621459960938
2015-07-01,SPY,174.91714477539062
2015-07-02,SPY,174.75694274902344
2015-07-06,SPY,174.25958251953125
2015-07-07,SPY,175.35545349121094
2015-07-08,SPY,172.41342163085938
2015-07-09,SPY,172.72537231445312
2015-07-10,SPY,174.90023803710938
2015-07-13,SPY,176.8306427001953
2015-07-14,SPY,177.5977783203125
2015-07-15,SPY,177.53878784179688
2015-07-16,SPY,178.96340942382812
2015-07-17,SPY,179.1151123046875
2015-07-20,SPY,179.20787048339844
2015-07-21,SPY,178.49974060058594
2015-07-22,SPY,178.17941284179688
2015-07-23,SPY,177.17626953125
2015-07-24,SPY,175.33856201171875
2015-07-27,SPY,174.31858825683594
2015-07-28,SPY,176.45977783203125
2015-07-29,SPY,177.67364501953125
2015-07-30,SPY,177.71580505371094
2015-07-31,SPY,177.44602966308594
2015-08-03,SPY,176.8475341796875
2015-08-04,SPY,176.5019073486328
2015-08-05,SPY,177.08352661132812
2015-08-06,SPY,175.6336212158203
2015-08-07,SPY,175.2964324951172
2015-08-10,SPY,177.50503540039062
2015-08-11,SPY,175.90335083007812
2015-08-12,SPY,176.1141357421875
2015-08-13,SPY,175.8949432373047
2015-08-14,SPY,176.53565979003906
2015-08-17,SPY,177.52188110351562
2015-08-18,SPY,177.00767517089844
2015-08-19,SPY,175.60833740234375
2015-08-20,SPY,171.94140625
2015-08-21,SPY,166.7655487060547
2015-08-24,SPY,159.7436065673828
2015-08-25,SPY,157.86370849609375
2015-08-26,SPY,163.9247283935547
2015-08-27,SPY,167.9794464111328
2015-08-28,SPY,167.98780822753906
2015-08-31,SPY,166.63064575195312
2015-09-01,SPY,161.6571044921875
2015-09-02,SPY,164.72557067871094
2015-09-03,SPY,164.84356689453125
2015-09-04,SPY,162.34840393066406
2015-09-08,SPY,166.42832946777344
2015-09-09,SPY,164.2029266357422
2015-09-10,SPY,165.09645080566406
2015-09-11,SPY,165.84674072265625
2015-09-14,SPY,165.23129272460938
2015-09-15,SPY,167.29664611816406
2015-09-16,SPY,168.7465057373047
2015-09-17,SPY,168.36717224121094
2015-09-18,SPY,165.6157684326172
2015-09-21,SPY,166.47166442871094
2015-09-22,SPY,164.3109130859375
2015-09-23,SPY,164.0481719970703
2015-09-24,SPY,163.45506286621094
2015-09-25,SPY,163.41270446777344
2015-09-28,SPY,159.31146240234375
2015-09-29,SPY,159.4047088623047
2015-09-30,SPY,162.37893676757812
2015-10-01,SPY,162.8026123046875
2015-10-02,SPY,165.23451232910156
2015-10-05,SPY,168.17481994628906
2015-10-06,SPY,167.59864807128906
2015-10-07,SPY,168.9713897705078
2015-10-08,SPY,170.49661254882812
2015-10-09,SPY,170.5982666015625
2015-10-12,SPY,170.75927734375
2015-10-13,SPY,169.6831817626953
2015-10-14,SPY,168.8696746826172
2015-10-15,SPY,171.46263122558594
2015-10-16,SPY,172.2421417236328
2015-10-19,SPY,172.32687377929688
2015-10-20,SPY,172.1066131591797
2015-10-21,SPY,171.03892517089844
2015-10-22,SPY,173.92840576171875
2015-10-23,SPY,175.83494567871094
2015-10-26,SPY,175.40283203125
2015-10-27,SPY,175.0638427734375
2015-10-28,SPY,177.0550994873047
2015-10-29,SPY,176.9534454345703
2015-10-30,SPY,176.19081115722656
2015-11-02,SPY,178.27536010742188
2015-11-03,SPY,178.792236328125
2015-11-04,SPY,178.2498779296875
2015-11-05,SPY,178.07199096679688
2015-11-06,SPY,177.978759765625
2015-11-09,SPY,176.3179168701172
2015-11-10,SPY,176.7246551513672
2015-11-11,SPY,176.0298614501953
2015-11-12,SPY,173.5724639892578
2015-11-13,SPY,171.6236114501953
2015-11-16,SPY,174.23348999023438
2015-11-17,SPY,174.1063690185547
2015-11-18,SPY,176.86874389648438
2015-11-19,SPY,176.71620178222656
2015-11-20,SPY,177.36013793945312
2015-11-23,SPY,177.15682983398438
2015-11-24,SPY,177.3940887451172
2015-11-25,SPY,177.36868286132812
2015-11-27,SPY,177.57199096679688
2015-11-30,SPY,176.83485412597656
2015-12-01,SPY,178.5210723876953
2015-12-02,SPY,176.69924926757812
2015-12-03,SPY,174.2249755859375
2015-12-04,SPY,177.6228485107422
2015-12-07,SPY,176.5467529296875
2015-12-08,SPY,175.3604278564453
2015-12-09,SPY,173.99618530273438
2015-12-10,SPY,174.44529724121094
2015-12-11,SPY,171.06431579589844
2015-12-14,SPY,171.9286346435547
2015-12-15,SPY,173.73350524902344
2015-12-16,SPY,176.27557373046875
2015-12-17,SPY,173.5894775390625
2015-12-18,SPY,170.4969482421875
2015-12-21,SPY,171.90341186523438
2015-12-22,SPY,173.46327209472656
2015-12-23,SPY,175.61134338378906
2015-12-24,SPY,175.32154846191406
2015-12-28,SPY,174.92086791992188
2015-12-29,SPY,176.78765869140625
2015-12-30,SPY,175.53463745117188
2015-12-31,SPY,173.77865600585938
2016-01-04,SPY,171.34933471679688
2016-01-05,SPY,171.63912963867188
2016-01-06,SPY,169.47409057617188
2016-01-07,SPY,165.40811157226562
2016-01-08,SPY,163.59249877929688
2016-01-11,SPY,163.7544708251953
2016-01-12,SPY,165.07566833496094
2016-01-13,SPY,160.9585723876953
2016-01-14,SPY,163.6009979248047
2016-01-15,SPY,160.0891571044922
2016-01-19,SPY,160.30226135253906
2016-01-20,SPY,158.2479705810547
2016-01-21,SPY,159.1344757080078
2016-01-22,SPY,162.3990936279297
2016-01-25,SPY,159.94422912597656
2016-01-26,SPY,162.12640380859375
2016-01-27,SPY,160.3618927001953
2016-01-28,SPY,161.19725036621094
2016-01-29,SPY,165.12684631347656
2016-02-01,SPY,165.06715393066406
2016-02-02,SPY,162.09226989746094
2016-02-03,SPY,163.06402587890625
2016-02-04,SPY,163.31976318359375
2016-02-05,SPY,160.20846557617188
2016-02-08,SPY,158.05194091796875
2016-02-09,SPY,158.06044006347656
2016-02-10,SPY,157.924072265625
2016-02-11,SPY,155.86973571777344
2016-02-12,SPY,159.0833282470703
2016-02-16,SPY,161.7683868408203
2016-02-17,SPY,164.4108428955078
2016-02-18,SPY,163.73741149902344
2016-02-19,SPY,163.66067504882812
2016-02-22,SPY,166.03036499023438
2016-02-23,SPY,163.93344116210938
2016-02-24,SPY,164.68357849121094
2016-02-25,SPY,166.67820739746094
2016-02-26,SPY,166.2946014404297
2016-02-29,SPY,164.99049377441406
2016-03-01,SPY,168.86883544921875
2016-03-02,SPY,169.62753295898438
2016-03-03,SPY,170.2923583984375
2016-03-04,SPY,170.84645080566406
2016-03-07,SPY,170.98280334472656
2016-03-08,SPY,169.1160125732422
2016-03-09,SPY,169.95144653320312
2016-03-10,SPY,170.0877685546875
2016-03-11,SPY,172.83251953125
2016-03-14,SPY,172.61087036132812
2016-03-15,SPY,172.32960510253906
2016-03-16,SPY,173.32691955566406
2016-03-17,SPY,174.42652893066406
2016-03-18,SPY,175.11195373535156
2016-03-21,SPY,175.3603973388672
2016-03-22,SPY,175.26609802246094
2016-03-23,SPY,174.1094970703125
2016-03-24,SPY,174.03236389160156
2016-03-28,SPY,174.1352081298828
2016-03-29,SPY,175.7459716796875
2016-03-30,SPY,176.51705932617188
2016-03-31,SPY,176.0887451171875
2016-04-01,SPY,177.28819274902344
2016-04-04,SPY,176.71412658691406
2016-04-05,SPY,174.94920349121094
2016-04-06,SPY,176.8598175048828
2016-04-07,SPY,174.7435302734375
2016-04-08,SPY,175.2147674560547
2016-04-11,SPY,174.80352783203125
2016-04-12,SPY,176.431396484375
2016-04-13,SPY,178.2135009765625
2016-04-14,SPY,178.22210693359375
2016-04-15,SPY,178.0250244140625
2016-04-18,SPY,179.2759552001953
2016-04-19,SPY,179.84149169921875
2016-04-20,SPY,180.0128173828125
2016-04-21,SPY,179.0446014404297
2016-04-22,SPY,179.0446014404297
2016-04-25,SPY,178.73622131347656
2016-04-26,SPY,179.00181579589844
2016-04-27,SPY,179.3702392578125
2016-04-28,SPY,177.74229431152344
2016-04-29,SPY,176.78271484375
2016-05-02,SPY,178.1878662109375
2016-05-03,SPY,176.6370391845703
2016-05-04,SPY,175.6516571044922
2016-05-05,SPY,175.61744689941406
2016-05-06,SPY,176.2600860595703
2016-05-09,SPY,176.40574645996094
2016-05-10,SPY,178.59910583496094
2016-05-11,SPY,176.92832946777344
2016-05-12,SPY,176.97976684570312
2016-05-13,SPY,175.43753051757812
2016-05-16,SPY,177.16824340820312
2016-05-17,SPY,175.51463317871094
2016-05-18,SPY,175.56600952148438
2016-05-19,SPY,174.95773315429688
2016-05-20,SPY,176.06300354003906
2016-05-23,SPY,175.8230743408203
2016-05-24,SPY,178.10215759277344
2016-05-25,SPY,179.31027221679688
2016-05-26,SPY,179.36163330078125
2016-05-27,SPY,180.13278198242188
2016-05-31,SPY,179.79005432128906
2016-06-01,SPY,180.15847778320312
2016-06-02,SPY,180.70681762695312
2016-06-03,SPY,180.1670379638672
2016-06-06,SPY,181.0837860107422
2016-06-07,SPY,181.36656188964844
2016-06-08,SPY,181.95777893066406
2016-06-09,SPY,181.7092742919922
2016-06-10,SPY,179.9871063232422
2016-06-13,SPY,178.59910583496094
2016-06-14,SPY,178.24781799316406
2016-06-15,SPY,177.99935913085938
2016-06-16,SPY,178.53053283691406
2016-06-17,SPY,177.86569213867188
2016-06-20,SPY,179.01116943359375
2016-06-21,SPY,179.519287109375
2016-06-22,SPY,179.2264862060547
2016-06-23,SPY,181.56045532226562
2016-06-24,SPY,175.04080200195312
2016-06-27,SPY,171.90582275390625
2016-06-28,SPY,175.0063018798828
2016-06-29,SPY,177.98623657226562
2016-06-30,SPY,180.41497802734375
2016-07-01,SPY,180.7938995361328
2016-07-05,SPY,179.493408203125
2016-07-06,SPY,180.5699920654297
2016-07-07,SPY,180.45803833007812
2016-07-08,SPY,183.14515686035156
2016-07-11,SPY,183.79100036621094
2016-07-12,SPY,185.12599182128906
2016-07-13,SPY,185.1001434326172
2016-07-14,SPY,186.1336669921875
2016-07-15,SPY,185.88394165039062
2016-07-18,SPY,186.38340759277344
2016-07-19,SPY,186.19400024414062
2016-07-20,SPY,186.9691162109375
2016-07-21,SPY,186.26287841796875
2016-07-22,SPY,187.0983123779297
2016-07-25,SPY,186.59010314941406
2016-07-26,SPY,186.6763153076172
2016-07-27,SPY,186.47816467285156
2016-07-28,SPY,186.6934814453125
2016-07-29,SPY,186.99488830566406
2016-08-01,SPY,186.83990478515625
2016-08-02,SPY,185.6427459716797
2016-08-03,SPY,186.1853790283203
2016-08-04,SPY,186.38340759277344
2016-08-05,SPY,187.90789794921875
2016-08-08,SPY,187.7958984375
2016-08-09,SPY,187.90789794921875
2016-08-10,SPY,187.44281005859375
2016-08-11,SPY,188.3126220703125
2016-08-12,SPY,188.14906311035156
2016-08-15,SPY,188.69161987304688
2016-08-16,SPY,187.71836853027344
2016-08-17,SPY,188.0714569091797
2016-08-18,SPY,188.49356079101562
2016-08-19,SPY,188.21792602539062
2016-08-22,SPY,188.20932006835938
2016-08-23,SPY,188.5882568359375
2016-08-24,SPY,187.62362670898438
2016-08-25,SPY,187.49444580078125
2016-08-26,SPY,187.141357421875
2016-08-29,SPY,188.0629119873047
2016-08-30,SPY,187.75282287597656
2016-08-31,SPY,187.2189178466797
2016-09-01,SPY,187.2274932861328
2016-09-02,SPY,188.0714569091797
2016-09-06,SPY,188.63992309570312
2016-09-07,SPY,188.62269592285156
2016-09-08,SPY,188.1920928955078
2016-09-09,SPY,183.687744140625
2016-09-12,SPY,186.3231658935547
2016-09-13,SPY,183.64468383789062
2016-09-14,SPY,183.57582092285156
2016-09-15,SPY,185.41026306152344
2016-09-16,SPY,184.69349670410156
2016-09-19,SPY,184.72811889648438
2016-09-20,SPY,184.7367706298828
2016-09-21,SPY,186.81423950195312
2016-09-22,SPY,187.99147033691406
2016-09-23,SPY,186.96142578125
2016-09-26,SPY,185.4465789794922
2016-09-27,SPY,186.59783935546875
2016-09-28,SPY,187.52403259277344
2016-09-29,SPY,185.8274383544922
2016-09-30,SPY,187.22976684570312
2016-10-03,SPY,186.7796173095703
2016-10-04,SPY,185.8274383544922
2016-10-05,SPY,186.6497802734375
2016-10-06,SPY,186.7796173095703
2016-10-07,SPY,186.13906860351562
2016-10-10,SPY,187.10853576660156
2016-10-11,SPY,184.7454376220703
2016-10-12,SPY,184.98782348632812
2016-10-13,SPY,184.38189697265625
2016-10-14,SPY,184.4771270751953
2016-10-17,SPY,183.8365936279297
2016-10-18,SPY,184.98782348632812
2016-10-19,SPY,185.48118591308594
2016-10-20,SPY,185.13499450683594
2016-10-21,SPY,185.22152709960938
2016-10-24,SPY,186.00921630859375
2016-10-25,SPY,185.38600158691406
2016-10-26,SPY,185.01380920410156
2016-10-27,SPY,184.52040100097656
2016-10-28,SPY,183.97506713867188
2016-10-31,SPY,183.98370361328125
2016-11-01,SPY,182.65066528320312
2016-11-02,SPY,181.55140686035156
2016-11-03,SPY,180.72039794921875
2016-11-04,SPY,180.52127075195312
2016-11-07,SPY,184.5030975341797
2016-11-08,SPY,185.33404541015625
2016-11-09,SPY,187.29898071289062
2016-11-10,SPY,187.7664031982422
2016-11-11,SPY,187.3335723876953
2016-11-14,SPY,187.48074340820312
2016-11-15,SPY,188.94361877441406
2016-11-16,SPY,188.58871459960938
2016-11-17,SPY,189.5582275390625
2016-11-18,SPY,189.13406372070312
2016-11-21,SPY,190.562255859375
2016-11-22,SPY,190.9345245361328
2016-11-23,SPY,191.03839111328125
2016-11-25,SPY,191.74819946289062
2016-11-28,SPY,190.84793090820312
2016-11-29,SPY,191.2201690673828
2016-11-30,SPY,190.76133728027344
2016-12-01,SPY,190.06019592285156
2016-12-02,SPY,190.1554412841797
2016-12-05,SPY,191.2980194091797
2016-12-06,SPY,191.9039764404297
2016-12-07,SPY,194.4142303466797
2016-12-08,SPY,194.8903045654297
2016-12-09,SPY,196.06756591796875
2016-12-12,SPY,195.8424530029297
2016-12-13,SPY,197.1495361328125
2016-12-14,SPY,195.522216796875
2016-12-15,SPY,196.32720947265625
2016-12-16,SPY,195.94322204589844
2016-12-19,SPY,196.36984252929688
2016-12-20,SPY,197.12741088867188
2016-12-21,SPY,196.57882690429688
2016-12-22,SPY,196.23928833007812
2016-12-23,SPY,196.52662658691406
2016-12-27,SPY,197.01422119140625
2016-12-28,SPY,195.385986328125
2016-12-29,SPY,195.3424530029297
2016-12-30,SPY,194.6284942626953
2017-01-03,SPY,196.1173858642578
2017-01-04,SPY,197.28408813476562
2017-01-05,SPY,197.12741088867188
2017-01-06,SPY,197.83267211914062
2017-01-09,SPY,197.17962646484375
2017-01-10,SPY,197.17962646484375
2017-01-11,SPY,197.73687744140625
2017-01-12,SPY,197.24063110351562
2017-01-13,SPY,197.69338989257812
2017-01-17,SPY,196.9967803955078
2017-01-18,SPY,197.43206787109375
2017-01-19,SPY,196.7007598876953
2017-01-20,SPY,197.42344665527344
2017-01-23,SPY,196.90969848632812
2017-01-24,SPY,198.17218017578125
2017-01-25,SPY,199.8874969482422
2017-01-26,SPY,199.67857360839844
2017-01-27,SPY,199.3651123046875
2017-01-30,SPY,198.12869262695312
2017-01-31,SPY,198.11126708984375
2017-02-01,SPY,198.1896514892578
2017-02-02,SPY,198.3202362060547
2017-02-03,SPY,199.68722534179688
2017-02-06,SPY,199.33026123046875
2017-02-07,SPY,199.33895874023438
2017-02-08,SPY,199.6002197265625
2017-02-09,SPY,200.7843475341797
2017-02-10,SPY,201.57669067382812
2017-02-13,SPY,202.67376708984375
2017-02-14,SPY,203.48358154296875
2017-02-15,SPY,204.54579162597656
2017-02-16,SPY,204.37164306640625
2017-02-17,SPY,204.6938018798828
2017-02-21,SPY,205.91281127929688
2017-02-22,SPY,205.7299346923828
2017-02-23,SPY,205.86927795410156
2017-02-24,SPY,206.1304473876953
2017-02-27,SPY,206.45266723632812
2017-02-28,SPY,205.8953857421875
2017-03-01,SPY,208.77740478515625
2017-03-02,SPY,207.462646484375
2017-03-03,SPY,207.59326171875
2017-03-06,SPY,206.9750518798828
2017-03-07,SPY,206.3568878173828
2017-03-08,SPY,205.9737091064453
2017-03-09,SPY,206.23497009277344
2017-03-10,SPY,206.9575958251953
2017-03-13,SPY,207.06214904785156
2017-03-14,SPY,206.26979064941406
2017-03-15,SPY,208.05471801757812
2017-03-16,SPY,207.6455535888672
2017-03-17,SPY,207.28077697753906
2017-03-20,SPY,207.0535125732422
2017-03-21,SPY,204.39501953125
2017-03-22,SPY,204.87599182128906
2017-03-23,SPY,204.6573486328125
2017-03-24,SPY,204.50868225097656
2017-03-27,SPY,204.29881286621094
2017-03-28,SPY,205.7854461669922
2017-03-29,SPY,205.97779846191406
2017-03-30,SPY,206.63369750976562
2017-03-31,SPY,206.15272521972656
2017-04-03,SPY,205.79421997070312
2017-04-04,SPY,205.92539978027344
2017-04-05,SPY,205.313232421875
2017-04-06,SPY,205.89041137695312
2017-04-07,SPY,205.68052673339844
2017-04-10,SPY,205.80296325683594
2017-04-11,SPY,205.55807495117188
2017-04-12,SPY,204.6573486328125
2017-04-13,SPY,203.3280792236328
2017-04-17,SPY,205.1295928955078
2017-04-18,SPY,204.51744079589844
2017-04-19,SPY,204.14134216308594
2017-04-20,SPY,205.80296325683594
2017-04-21,SPY,205.14700317382812
2017-04-24,SPY,207.4032440185547
2017-04-25,SPY,208.6100616455078
2017-04-26,SPY,208.47886657714844
2017-04-27,SPY,208.65380859375
2017-04-28,SPY,208.19903564453125
2017-05-01,SPY,208.7237548828125
2017-05-02,SPY,208.80239868164062
2017-05-03,SPY,208.54888916015625
2017-05-04,SPY,208.793701171875
2017-05-05,SPY,209.61575317382812
2017-05-08,SPY,209.58071899414062
2017-05-09,SPY,209.38829040527344
2017-05-10,SPY,209.76438903808594
2017-05-11,SPY,209.33587646484375
2017-05-12,SPY,208.98605346679688
2017-05-15,SPY,210.14041137695312
2017-05-16,SPY,209.94805908203125
2017-05-17,SPY,206.22268676757812
2017-05-18,SPY,207.0535125732422
2017-05-19,SPY,208.40016174316406
2017-05-22,SPY,209.45831298828125
2017-05-23,SPY,209.92181396484375
2017-05-24,SPY,210.41151428222656
2017-05-25,SPY,211.4171905517578
2017-05-26,SPY,211.37347412109375
2017-05-30,SPY,211.1898193359375
2017-05-31,SPY,211.13735961914062
2017-06-01,SPY,212.81639099121094
2017-06-02,SPY,213.52467346191406
2017-06-05,SPY,213.36729431152344
2017-06-06,SPY,212.68516540527344
2017-06-07,SPY,213.0786895751953
2017-06-08,SPY,213.18365478515625
2017-06-09,SPY,212.86009216308594
2017-06-12,SPY,212.81639099121094
2017-06-13,SPY,213.8570098876953
2017-06-14,SPY,213.5858917236328
2017-06-15,SPY,213.17489624023438
2017-06-16,SPY,213.22146606445312
2017-06-19,SPY,214.99656677246094
2017-06-20,SPY,213.546630859375
2017-06-21,SPY,213.49391174316406
2017-06-22,SPY,213.39724731445312
2017-06-23,SPY,213.65206909179688
2017-06-26,SPY,213.7926788330078
2017-06-27,SPY,212.07028198242188
2017-06-28,SPY,213.9684295654297
2017-06-29,SPY,212.08790588378906
2017-06-30,SPY,212.48333740234375
2017-07-03,SPY,212.84361267089844
2017-07-05,SPY,213.3357391357422
2017-07-06,SPY,211.38490295410156
2017-07-07,SPY,212.7557373046875
2017-07-10,SPY,212.98422241210938
2017-07-11,SPY,212.8260498046875
2017-07-12,SPY,214.42538452148438
2017-07-13,SPY,214.78570556640625
2017-07-14,SPY,215.78749084472656
2017-07-17,SPY,215.76107788085938
2017-07-18,SPY,215.87530517578125
2017-07-19,SPY,217.0440673828125
2017-07-20,SPY,217.14076232910156
2017-07-21,SPY,216.94741821289062
2017-07-24,SPY,216.8946533203125
2017-07-25,SPY,217.42193603515625
2017-07-26,SPY,217.43072509765625
2017-07-27,SPY,217.2286376953125
2017-07-28,SPY,216.9737548828125
2017-07-31,SPY,216.85073852539062
2017-08-01,SPY,217.33409118652344
2017-08-02,SPY,217.43951416015625
2017-08-03,SPY,217.01771545410156
2017-08-04,SPY,217.41314697265625
2017-08-07,SPY,217.81735229492188
2017-08-08,SPY,217.28135681152344
2017-08-09,SPY,217.27256774902344
2017-08-10,SPY,214.20571899414062
2017-08-11,SPY,214.52203369140625
2017-08-14,SPY,216.64862060546875
2017-08-15,SPY,216.62228393554688
2017-08-16,SPY,217.00009155273438
2017-08-17,SPY,213.6168975830078
2017-08-18,SPY,213.282958984375
2017-08-21,SPY,213.44996643066406
2017-08-22,SPY,215.68202209472656
2017-08-23,SPY,214.9087371826172
2017-08-24,SPY,214.4077606201172
2017-08-25,SPY,214.9087371826172
2017-08-28,SPY,214.91744995117188
2017-08-29,SPY,215.16351318359375
2017-08-30,SPY,216.182861328125
2017-08-31,SPY,217.48348999023438
2017-09-01,SPY,217.79103088378906
2017-09-05,SPY,216.22686767578125
2017-09-06,SPY,216.9649658203125
2017-09-07,SPY,216.93856811523438
2017-09-08,SPY,216.68380737304688
2017-09-11,SPY,218.9949188232422
2017-09-12,SPY,219.7330780029297
2017-09-13,SPY,219.83851623535156
2017-09-14,SPY,219.76824951171875
2017-09-15,SPY,220.0640411376953
2017-09-18,SPY,220.53213500976562
2017-09-19,SPY,220.75286865234375
2017-09-20,SPY,220.8324432373047
2017-09-21,SPY,220.24066162109375
2017-09-22,SPY,220.28488159179688
2017-09-25,SPY,219.83444213867188
2017-09-26,SPY,219.96690368652344
2017-09-27,SPY,220.82354736328125
2017-09-28,SPY,221.08847045898438
2017-09-29,SPY,221.8656768798828
2017-10-02,SPY,222.82818603515625
2017-10-03,SPY,223.3050994873047
2017-10-04,SPY,223.57003784179688
2017-10-05,SPY,224.89476013183594
2017-10-06,SPY,224.63861083984375
2017-10-09,SPY,224.26771545410156
2017-10-10,SPY,224.85940551757812
2017-10-11,SPY,225.212646484375
2017-10-12,SPY,224.87705993652344
2017-10-13,SPY,225.1508026123047
2017-10-16,SPY,225.45106506347656
2017-10-17,SPY,225.61004638671875
2017-10-18,SPY,225.83078002929688
2017-10-19,SPY,225.89259338378906
2017-10-20,SPY,227.0583038330078
2017-10-23,SPY,226.1752166748047
2017-10-24,SPY,226.57261657714844
2017-10-25,SPY,225.45106506347656
2017-10-26,SPY,225.7425079345703
2017-10-27,SPY,227.58822631835938
2017-10-30,SPY,226.74041748046875
2017-10-31,SPY,227.09365844726562
2017-11-01,SPY,227.3939208984375
2017-11-02,SPY,227.4822540283203
2017-11-03,SPY,228.24172973632812
2017-11-06,SPY,228.59495544433594
2017-11-07,SPY,228.4359893798828
2017-11-08,SPY,228.8245849609375
2017-11-09,SPY,227.99447631835938
2017-11-10,SPY,227.92379760742188
2017-11-13,SPY,228.13572692871094
2017-11-14,SPY,227.6058807373047
2017-11-15,SPY,226.46669006347656
2017-11-16,SPY,228.39186096191406
2017-11-17,SPY,227.7206573486328
2017-11-20,SPY,228.10928344726562
2017-11-21,SPY,229.60169982910156
2017-11-22,SPY,229.39862060546875
2017-11-24,SPY,229.9285125732422
2017-11-27,SPY,229.81369018554688
2017-11-28,SPY,232.14515686035156
2017-11-29,SPY,232.00379943847656
2017-11-30,SPY,234.0349578857422
2017-12-01,SPY,233.54931640625
2017-12-04,SPY,233.2666778564453
2017-12-05,SPY,232.42776489257812
2017-12-06,SPY,232.4718475341797
2017-12-07,SPY,233.20489501953125
2017-12-08,SPY,234.4765167236328
2017-12-11,SPY,235.18301391601562
2017-12-12,SPY,235.59803771972656
2017-12-13,SPY,235.5715789794922
2017-12-14,SPY,234.6089630126953
2017-12-15,SPY,236.5626983642578
2017-12-18,SPY,238.0627899169922
2017-12-19,SPY,237.1485595703125
2017-12-20,SPY,237.02423095703125
2017-12-21,SPY,237.51246643066406
2017-12-22,SPY,237.45037841796875
2017-12-26,SPY,237.166259765625
2017-12-27,SPY,237.28170776367188
2017-12-28,SPY,237.7698516845703
2017-12-29,SPY,236.873291015625
2018-01-02,SPY,238.56874084472656
2018-01-03,SPY,240.0778045654297
2018-01-04,SPY,241.08958435058594
2018-01-05,SPY,242.6962127685547
2018-01-08,SPY,243.1400909423828
2018-01-09,SPY,243.69039916992188
2018-01-10,SPY,243.317626953125
2018-01-11,SPY,245.09278869628906
2018-01-12,SPY,246.69056701660156
2018-01-16,SPY,245.8473663330078
2018-01-17,SPY,248.19065856933594
2018-01-18,SPY,247.7734832763672
2018-01-19,SPY,248.90077209472656
2018-01-22,SPY,250.92462158203125
2018-01-23,SPY,251.4571533203125
2018-01-24,SPY,251.35951232910156
2018-01-25,SPY,251.4660186767578
2018-01-26,SPY,254.3774871826172
2018-01-29,SPY,252.69097900390625
2018-01-30,SPY,250.09902954101562
2018-01-31,SPY,250.22335815429688
2018-02-01,SPY,249.9392547607422
2018-02-02,SPY,244.49803161621094
2018-02-05,SPY,234.27261352539062
2018-02-06,SPY,238.88832092285156
2018-02-07,SPY,237.5923309326172
2018-02-08,SPY,228.68055725097656
2018-02-09,SPY,232.11569213867188
2018-02-12,SPY,235.52413940429688
2018-02-13,SPY,236.1100311279297
2018-02-14,SPY,239.29660034179688
2018-02-15,SPY,242.3500518798828
2018-02-16,SPY,242.4210205078125
2018-02-20,SPY,240.90325927734375
2018-02-21,SPY,239.70492553710938
2018-02-22,SPY,240.0155487060547
2018-02-23,SPY,243.84127807617188
2018-02-26,SPY,246.6728057861328
2018-02-27,SPY,243.5926971435547
2018-02-28,SPY,241.1251220703125
2018-03-01,SPY,237.6189727783203
2018-03-02,SPY,238.84393310546875
2018-03-05,SPY,241.60447692871094
2018-03-06,SPY,242.21688842773438
2018-03-07,SPY,242.1280975341797
2018-03-08,SPY,243.2998046875
2018-03-09,SPY,247.5338134765625
2018-03-12,SPY,247.2230987548828
2018-03-13,SPY,245.6253662109375
2018-03-14,SPY,244.36495971679688
2018-03-15,SPY,244.09864807128906
2018-03-16,SPY,244.36337280273438
2018-03-19,SPY,241.0570831298828
2018-03-20,SPY,241.4669647216797
2018-03-21,SPY,241.00363159179688
2018-03-22,SPY,234.97921752929688
2018-03-23,SPY,229.97067260742188
2018-03-26,SPY,236.2624969482422
2018-03-27,SPY,232.2432403564453
2018-03-28,SPY,231.55699157714844
2018-03-29,SPY,234.5157470703125
2018-04-02,SPY,229.45382690429688
2018-04-03,SPY,232.39471435546875
2018-04-04,SPY,234.88107299804688
2018-04-05,SPY,236.73480224609375
2018-04-06,SPY,231.45899963378906
2018-04-09,SPY,232.59971618652344
2018-04-10,SPY,236.298095703125
2018-04-11,SPY,235.05938720703125
2018-04-12,SPY,236.99327087402344
2018-04-13,SPY,236.298095703125
2018-04-16,SPY,238.2409210205078
2018-04-17,SPY,240.78973388671875
2018-04-18,SPY,240.9679718017578
2018-04-19,SPY,239.63113403320312
2018-04-20,SPY,237.59922790527344
2018-04-23,SPY,237.56358337402344
2018-04-24,SPY,234.3642578125
2018-04-25,SPY,234.94351196289062
2018-04-26,SPY,237.3319549560547
2018-04-27,SPY,237.55465698242188
2018-04-30,SPY,235.727783203125
2018-05-01,SPY,236.14663696289062
2018-05-02,SPY,234.56044006347656
2018-05-03,SPY,234.04342651367188
2018-05-04,SPY,237.07347106933594
2018-05-07,SPY,237.87554931640625
2018-05-08,SPY,237.87554931640625
2018-05-09,SPY,240.17477416992188
2018-05-10,SPY,242.42059326171875
2018-05-11,SPY,243.16029357910156
2018-05-14,SPY,243.2760772705078
2018-05-15,SPY,241.60073852539062
2018-05-16,SPY,242.6166534423828
2018-05-17,SPY,242.4117431640625
2018-05-18,SPY,241.80564880371094
2018-05-21,SPY,243.62367248535156
2018-05-22,SPY,242.9462890625
2018-05-23,SPY,243.6148223876953
2018-05-24,SPY,243.1156768798828
2018-05-25,SPY,242.5364532470703
2018-05-29,SPY,239.7470245361328
2018-05-30,SPY,242.9462890625
2018-05-31,SPY,241.45806884765625
2018-06-01,SPY,243.82864379882812
2018-06-04,SPY,244.9872283935547
2018-06-05,SPY,245.16542053222656
2018-06-06,SPY,247.21519470214844
2018-06-07,SPY,247.1884002685547
2018-06-08,SPY,247.9192657470703
2018-06-11,SPY,248.24893188476562
2018-06-12,SPY,248.56976318359375
2018-06-13,SPY,247.77658081054688
2018-06-14,SPY,248.40042114257812
2018-06-15,SPY,248.08352661132812
2018-06-18,SPY,247.57333374023438
2018-06-19,SPY,246.62435913085938
2018-06-20,SPY,247.04513549804688
2018-06-21,SPY,245.4964599609375
2018-06-22,SPY,245.94400024414062
2018-06-25,SPY,242.5961151123047
2018-06-26,SPY,243.13311767578125
2018-06-27,SPY,241.11895751953125
2018-06-28,SPY,242.49757385253906
2018-06-29,SPY,242.84671020507812
2018-07-02,SPY,243.36581420898438
2018-07-03,SPY,242.5065460205078
2018-07-05,SPY,244.48486328125
2018-07-06,SPY,246.55284118652344
2018-07-09,SPY,248.7728729248047
2018-07-10,SPY,249.66806030273438
2018-07-11,SPY,247.84182739257812
2018-07-12,SPY,250.0886993408203
2018-07-13,SPY,250.2856903076172
2018-07-16,SPY,250.06192016601562
2018-07-17,SPY,251.07350158691406
2018-07-18,SPY,251.60166931152344
2018-07-19,SPY,250.65272521972656
2018-07-20,SPY,250.3662567138672
2018-07-23,SPY,250.83177185058594
2018-07-24,SPY,252.093994140625
2018-07-25,SPY,254.24246215820312
2018-07-26,SPY,253.64263916015625
2018-07-27,SPY,251.92396545410156
2018-07-30,SPY,250.6079559326172
2018-07-31,SPY,251.84327697753906
2018-08-01,SPY,251.42257690429688
2018-08-02,SPY,252.7923126220703
2018-08-03,SPY,253.8754119873047
2018-08-06,SPY,254.80650329589844
2018-08-07,SPY,255.64785766601562
2018-08-08,SPY,255.5404815673828
2018-08-09,SPY,255.19134521484375
2018-08-10,SPY,253.4816131591797
2018-08-13,SPY,252.5326385498047
2018-08-14,SPY,254.14390563964844
2018-08-15,SPY,252.2462158203125
2018-08-16,SPY,254.28713989257812
2018-08-17,SPY,255.18240356445312
2018-08-20,SPY,255.72848510742188
2018-08-21,SPY,256.3282775878906
2018-08-22,SPY,256.1760559082031
2018-08-23,SPY,255.83583068847656
2018-08-24,SPY,257.3756103515625
2018-08-27,SPY,259.4076232910156
2018-08-28,SPY,259.532958984375
2018-08-29,SPY,260.9294738769531
2018-08-30,SPY,259.8731994628906
2018-08-31,SPY,259.8821105957031
2018-09-04,SPY,259.43450927734375
2018-09-05,SPY,258.736328125
2018-09-06,SPY,257.9575500488281
2018-09-07,SPY,257.45623779296875
2018-09-10,SPY,257.9037780761719
2018-09-11,SPY,258.7542419433594
2018-09-12,SPY,258.81683349609375
2018-09-13,SPY,260.34765625
2018-09-14,SPY,260.3923645019531
2018-09-17,SPY,259.01373291015625
2018-09-18,SPY,260.4192199707031
2018-09-19,SPY,260.69671630859375
2018-09-20,SPY,262.80938720703125
2018-09-21,SPY,262.5692443847656
2018-09-24,SPY,261.697021484375
2018-09-25,SPY,261.4542236328125
2018-09-26,SPY,260.67193603515625
2018-09-27,SPY,261.40020751953125
2018-09-28,SPY,261.4272766113281
2018-10-01,SPY,262.33551025390625
2018-10-02,SPY,262.1826477050781
2018-10-03,SPY,262.3265075683594
2018-10-04,SPY,260.2762145996094
2018-10-05,SPY,258.8194885253906
2018-10-08,SPY,258.8194885253906
2018-10-09,SPY,258.44189453125
2018-10-10,SPY,250.2587127685547
2018-10-11,SPY,244.74636840820312
2018-10-12,SPY,248.14552307128906
2018-10-15,SPY,246.75161743164062
2018-10-16,SPY,252.14707946777344
2018-10-17,SPY,252.1920166015625
2018-10-18,SPY,248.55010986328125
2018-10-19,SPY,248.41526794433594
2018-10-22,SPY,247.3001251220703
2018-10-23,SPY,246.0412139892578
2018-10-24,SPY,238.5865936279297
2018-10-25,SPY,242.866943359375
2018-10-26,SPY,238.59552001953125
2018-10-29,SPY,237.27362060546875
2018-10-30,SPY,240.7897186279297
2018-10-31,SPY,243.36154174804688
2018-11-01,SPY,245.9513397216797
2018-11-02,SPY,244.4945526123047
2018-11-05,SPY,245.8434295654297
2018-11-06,SPY,247.39907836914062
2018-11-07,SPY,252.69561767578125
2018-11-08,SPY,252.2369842529297
2018-11-09,SPY,249.7731170654297
2018-11-12,SPY,245.10604858398438
2018-11-13,SPY,244.64744567871094
2018-11-14,SPY,242.97491455078125
2018-11-15,SPY,245.5106964111328
2018-11-16,SPY,246.1491241455078
2018-11-19,SPY,241.98565673828125
2018-11-20,SPY,237.50750732421875
2018-11-21,SPY,238.31680297851562
2018-11-23,SPY,236.7251434326172
2018-11-26,SPY,240.54693603515625
2018-11-27,SPY,241.3562469482422
2018-11-28,SPY,246.91346740722656
2018-11-29,SPY,246.37399291992188
2018-11-30,SPY,247.87570190429688
2018-12-03,SPY,251.15786743164062
2018-12-04,SPY,243.01976013183594
2018-12-06,SPY,242.65106201171875
2018-12-07,SPY,237.01283264160156
2018-12-10,SPY,237.4625244140625
2018-12-11,SPY,237.51646423339844
2018-12-12,SPY,238.7124481201172
2018-12-13,SPY,238.63150024414062
2018-12-14,SPY,234.2252655029297
2018-12-17,SPY,229.6300811767578
2018-12-18,SPY,229.37832641601562
2018-12-19,SPY,225.94317626953125
2018-12-20,SPY,222.26535034179688
2018-12-21,SPY,217.711181640625
2018-12-24,SPY,211.95863342285156
2018-12-26,SPY,222.66783142089844
2018-12-27,SPY,224.37728881835938
2018-12-28,SPY,224.0878448486328
2018-12-31,SPY,226.05064392089844
2019-01-02,SPY,226.2857666015625
2019-01-03,SPY,220.88595581054688
2019-01-04,SPY,228.28472900390625
2019-01-07,SPY,230.0846710205078
2019-01-08,SPY,232.2464141845703
2019-01-09,SPY,233.33180236816406
2019-01-10,SPY,234.15492248535156
2019-01-11,SPY,234.2452850341797
2019-01-14,SPY,232.8162078857422
2019-01-15,SPY,235.4844512939453
2019-01-16,SPY,236.05430603027344
2019-01-17,SPY,237.84523010253906
2019-01-18,SPY,241.01092529296875
2019-01-22,SPY,237.75477600097656
2019-01-23,SPY,238.25221252441406
2019-01-24,SPY,238.37884521484375
2019-01-25,SPY,240.39581298828125
2019-01-28,SPY,238.56886291503906
2019-01-29,SPY,238.25221252441406
2019-01-30,SPY,242.02395629882812
2019-01-31,SPY,244.14952087402344
2019-02-01,SPY,244.26712036132812
2019-02-04,SPY,245.985595703125
2019-02-05,SPY,247.0167694091797
2019-02-06,SPY,246.69107055664062
2019-02-07,SPY,244.33946228027344
2019-02-08,SPY,244.63800048828125
2019-02-11,SPY,244.7736358642578
2019-02-12,SPY,247.92120361328125
2019-02-13,SPY,248.7261962890625
2019-02-14,SPY,248.174560546875
2019-02-15,SPY,250.87890625
2019-02-19,SPY,251.31307983398438
2019-02-20,SPY,251.8196258544922
2019-02-21,SPY,250.92416381835938
2019-02-22,SPY,252.47991943359375
2019-02-25,SPY,252.82351684570312
2019-02-26,SPY,252.64271545410156
2019-02-27,SPY,252.53411865234375
2019-02-28,SPY,252.06375122070312
2019-03-01,SPY,253.63768005371094
2019-03-04,SPY,252.7150115966797
2019-03-05,SPY,252.37130737304688
2019-03-06,SPY,250.84278869628906
2019-03-07,SPY,248.74427795410156
2019-03-08,SPY,248.2468719482422
2019-03-11,SPY,251.84674072265625
2019-03-12,SPY,252.79641723632812
2019-03-13,SPY,254.46974182128906
2019-03-14,SPY,254.3069610595703
2019-03-15,SPY,255.56336975097656
2019-03-18,SPY,256.489990234375
2019-03-19,SPY,256.5536193847656
2019-03-20,SPY,255.7813720703125
2019-03-21,SPY,258.67034912109375
2019-03-22,SPY,253.6919403076172
2019-03-25,SPY,253.50111389160156
2019-03-26,SPY,255.39076232910156
2019-03-27,SPY,254.05535888671875
2019-03-28,SPY,255.01828002929688
2019-03-29,SPY,256.62628173828125
2019-04-01,SPY,259.66961669921875
2019-04-02,SPY,259.796875
2019-04-03,SPY,260.2057800292969
2019-04-04,SPY,260.8961181640625
2019-04-05,SPY,262.15887451171875
2019-04-08,SPY,262.3587646484375
2019-04-09,SPY,261.0141906738281
2019-04-10,SPY,261.9045104980469
2019-04-11,SPY,261.8319091796875
2019-04-12,SPY,263.6033935546875
2019-04-15,SPY,263.4308166503906
2019-04-16,SPY,263.6033935546875
2019-04-17,SPY,262.9584045410156
2019-04-18,SPY,263.4761962890625
2019-04-22,SPY,263.7032470703125
2019-04-23,SPY,266.0744323730469
2019-04-24,SPY,265.4839782714844
2019-04-25,SPY,265.3204345703125
2019-04-26,SPY,266.55596923828125
2019-04-29,SPY,266.97381591796875
2019-04-30,SPY,267.11004638671875
2019-05-01,SPY,265.1023864746094
2019-05-02,SPY,264.5300598144531
2019-05-03,SPY,267.1191711425781
2019-05-06,SPY,266.01995849609375
2019-05-07,SPY,261.5775146484375
2019-05-08,SPY,261.21405029296875
2019-05-09,SPY,260.4236755371094
2019-05-10,SPY,261.7319641113281
2019-05-13,SPY,255.15451049804688
2019-05-14,SPY,257.4620666503906
2019-05-15,SPY,258.97015380859375
2019-05-16,SPY,261.3685302734375
2019-05-17,SPY,259.6788330078125
2019-05-20,SPY,257.96173095703125
2019-05-21,SPY,260.28741455078125
2019-05-22,SPY,259.488037109375
2019-05-23,SPY,256.3173522949219
2019-05-24,SPY,256.8988342285156
2019-05-28,SPY,254.509521484375
2019-05-29,SPY,252.80157470703125
2019-05-30,SPY,253.4920654296875
2019-05-31,SPY,250.07615661621094
2019-06-03,SPY,249.44032287597656
2019-06-04,SPY,254.8547821044922
2019-06-05,SPY,257.0622863769531
2019-06-06,SPY,258.73394775390625
2019-06-07,SPY,261.3232116699219
2019-06-10,SPY,262.52227783203125
2019-06-11,SPY,262.45867919921875
2019-06-12,SPY,261.9953918457031
2019-06-13,SPY,263.07647705078125
2019-06-14,SPY,262.7857666015625
2019-06-17,SPY,262.88568115234375
2019-06-18,SPY,265.6383056640625
2019-06-19,SPY,266.2379455566406
2019-06-20,SPY,268.78167724609375
2019-06-21,SPY,268.3910217285156
2019-06-24,SPY,268.0623779296875
2019-06-25,SPY,265.4332275390625
2019-06-26,SPY,265.1684265136719
2019-06-27,SPY,266.1087646484375
2019-06-28,SPY,267.47808837890625
2019-07-01,SPY,269.9064636230469
2019-07-02,SPY,270.6092834472656
2019-07-03,SPY,272.77288818359375
2019-07-05,SPY,272.4625244140625
2019-07-08,SPY,270.9654235839844
2019-07-09,SPY,271.3031005859375
2019-07-10,SPY,272.59942626953125
2019-07-11,SPY,273.2384338378906
2019-07-12,SPY,274.4617004394531
2019-07-15,SPY,274.5529479980469
2019-07-16,SPY,273.66754150390625
2019-07-17,SPY,271.80523681640625
2019-07-18,SPY,272.80023193359375
2019-07-19,SPY,271.2848815917969
2019-07-22,SPY,271.95135498046875
2019-07-23,SPY,273.8957214355469
2019-07-24,SPY,275.1829833984375
2019-07-25,SPY,273.86834716796875
2019-07-26,SPY,275.70330810546875
2019-07-29,SPY,275.201171875
2019-07-30,SPY,274.5256042480469
2019-07-31,SPY,271.522216796875
2019-08-01,SPY,269.1578369140625
2019-08-02,SPY,267.1311340332031
2019-08-05,SPY,259.0977783203125
2019-08-06,SPY,262.73101806640625
2019-08-07,SPY,262.8861999511719
2019-08-08,SPY,268.0440979003906
2019-08-09,SPY,266.21826171875
2019-08-12,SPY,262.97760009765625
2019-08-13,SPY,267.0672607421875
2019-08-14,SPY,259.1706848144531
2019-08-15,SPY,259.8553771972656
2019-08-16,SPY,263.6896057128906
2019-08-19,SPY,266.8664245605469
2019-08-20,SPY,264.8216247558594
2019-08-21,SPY,266.97601318359375
2019-08-22,SPY,266.8938293457031
2019-08-23,SPY,260.03802490234375
2019-08-26,SPY,262.91363525390625
2019-08-27,SPY,261.8820495605469
2019-08-28,SPY,263.72613525390625
2019-08-29,SPY,267.0946350097656
2019-08-30,SPY,266.97601318359375
2019-09-03,SPY,265.41497802734375
2019-09-04,SPY,268.4275207519531
2019-09-05,SPY,271.8782653808594
2019-09-06,SPY,272.0881652832031
2019-09-09,SPY,272.22509765625
2019-09-10,SPY,272.16119384765625
2019-09-11,SPY,274.0965270996094
2019-09-12,SPY,275.0460205078125
2019-09-13,SPY,274.8634033203125
2019-09-16,SPY,274.0144348144531
2019-09-17,SPY,274.7081604003906
2019-09-18,SPY,274.87255859375
2019-09-19,SPY,274.854248046875
2019-09-20,SPY,273.5556945800781
2019-09-23,SPY,273.491455078125
2019-09-24,SPY,271.3453674316406
2019-09-25,SPY,272.95037841796875
2019-09-26,SPY,272.3817138671875
2019-09-27,SPY,270.9143371582031
2019-09-30,SPY,272.1707763671875
2019-10-01,SPY,268.93341064453125
2019-10-02,SPY,264.1827392578125
2019-10-03,SPY,266.3471984863281
2019-10-04,SPY,269.9513854980469
2019-10-07,SPY,268.7867126464844
2019-10-08,SPY,264.6138000488281
2019-10-09,SPY,267.126708984375
2019-10-10,SPY,268.93341064453125
2019-10-11,SPY,271.721435546875
2019-10-14,SPY,271.41876220703125
2019-10-15,SPY,274.1058654785156
2019-10-16,SPY,273.6656799316406
2019-10-17,SPY,274.47271728515625
2019-10-18,SPY,273.2713317871094
2019-10-21,SPY,275.1239318847656
2019-10-22,SPY,274.2251281738281
2019-10-23,SPY,275.02294921875
2019-10-24,SPY,275.472412109375
2019-10-25,SPY,276.6004333496094
2019-10-28,SPY,278.1595153808594
2019-10-29,SPY,278.0769958496094
2019-10-30,SPY,278.9299621582031
2019-10-31,SPY,278.18707275390625
2019-11-01,SPY,280.7641296386719
2019-11-04,SPY,281.8922119140625
2019-11-05,SPY,281.58038330078125
2019-11-06,SPY,281.6446228027344
2019-11-07,SPY,282.63507080078125
2019-11-08,SPY,283.33209228515625
2019-11-11,SPY,282.7909240722656
2019-11-12,SPY,283.3870849609375
2019-11-13,SPY,283.478759765625
2019-11-14,SPY,283.89154052734375
2019-11-15,SPY,285.94586181640625
2019-11-18,SPY,286.1567077636719
2019-11-19,SPY,286.07415771484375
2019-11-20,SPY,285.0104064941406
2019-11-21,SPY,284.5517883300781
2019-11-22,SPY,285.18463134765625
2019-11-25,SPY,287.3948059082031
2019-11-26,SPY,288.0459899902344
2019-11-27,SPY,289.32989501953125
2019-11-29,SPY,288.25689697265625
2019-12-02,SPY,285.80816650390625
2019-12-03,SPY,283.89154052734375
2019-12-04,SPY,285.6431579589844
2019-12-05,SPY,286.1567077636719
2019-12-06,SPY,288.7704162597656
2019-12-09,SPY,287.8625793457031
2019-12-10,SPY,287.5415954589844
2019-12-11,SPY,288.3578186035156
2019-12-12,SPY,290.84326171875
2019-12-13,SPY,291.0174255371094
2019-12-16,SPY,293.0167236328125
2019-12-17,SPY,293.0809020996094
2019-12-18,SPY,293.0992126464844
2019-12-19,SPY,294.30072021484375
2019-12-20,SPY,295.5909118652344
2019-12-23,SPY,296.0425109863281
2019-12-24,SPY,296.0517272949219
2019-12-26,SPY,297.627685546875
2019-12-27,SPY,297.5539855957031
2019-12-30,SPY,295.9134826660156
2019-12-31,SPY,296.63238525390625
2020-01-02,SPY,299.40643310546875
2020-01-03,SPY,297.1392822265625
2020-01-06,SPY,298.2728271484375
2020-01-07,SPY,297.4341735839844
2020-01-08,SPY,299.0194396972656
2020-01-09,SPY,301.04693603515625
2020-01-10,SPY,300.18048095703125
2020-01-13,SPY,302.24505615234375
2020-01-14,SPY,301.78424072265625
2020-01-15,SPY,302.46624755859375
2020-01-16,SPY,304.9822082519531
2020-01-17,SPY,305.9314880371094
2020-01-21,SPY,305.3324279785156
2020-01-22,SPY,305.3692626953125
2020-01-23,SPY,305.7195129394531
2020-01-24,SPY,303.0007629394531
2020-01-27,SPY,298.1438903808594
2020-01-28,SPY,301.2680969238281
2020-01-29,SPY,301.01922607421875
2020-01-30,SPY,301.9961242675781
2020-01-31,SPY,296.5126037597656
2020-02-03,SPY,298.7152404785156
2020-02-04,SPY,303.2680358886719
2020-02-05,SPY,306.7701721191406
2020-02-06,SPY,307.80242919921875
2020-02-07,SPY,306.16192626953125
2020-02-10,SPY,308.4474792480469
2020-02-11,SPY,308.98211669921875
2020-02-12,SPY,310.9727478027344
2020-02-13,SPY,310.6409912109375
2020-02-14,SPY,311.1386413574219
2020-02-18,SPY,310.3368835449219
2020-02-19,SPY,311.82061767578125
2020-02-20,SPY,310.5395812988281
2020-02-21,SPY,307.3415832519531
2020-02-24,SPY,297.1484375
2020-02-25,SPY,288.14422607421875
2020-02-26,SPY,287.08441162109375
2020-02-27,SPY,274.1909484863281
2020-02-28,SPY,273.03887939453125
2020-03-02,SPY,284.8632507324219
2020-03-03,SPY,276.7069091796875
2020-03-04,SPY,288.3377990722656
2020-03-05,SPY,278.7528991699219
2020-03-06,SPY,274.1448059082031
2020-03-09,SPY,252.73565673828125
2020-03-10,SPY,265.81341552734375
2020-03-11,SPY,252.85543823242188
2020-03-12,SPY,228.66294860839844
2020-03-13,SPY,248.2104949951172
2020-03-16,SPY,221.05043029785156
2020-03-17,SPY,232.9853057861328
2020-03-18,SPY,221.18862915039062
2020-03-19,SPY,221.6586456298828
2020-03-20,SPY,212.10641479492188
2020-03-23,SPY,206.68325805664062
2020-03-24,SPY,225.4094696044922
2020-03-25,SPY,228.7838592529297
2020-03-26,SPY,242.14251708984375
2020-03-27,SPY,234.93011474609375
2020-03-30,SPY,242.5596160888672
2020-03-31,SPY,238.9442138671875
2020-04-01,SPY,228.1905517578125
2020-04-02,SPY,233.45614624023438
2020-04-03,SPY,230.08169555664062
2020-04-06,SPY,245.53546142578125
2020-04-07,SPY,245.7857666015625
2020-04-08,SPY,254.0364532470703
2020-04-09,SPY,257.9021301269531
2020-04-13,SPY,255.5474853515625
2020-04-14,SPY,263.0842590332031
2020-04-15,SPY,257.4942321777344
2020-04-16,SPY,258.73651123046875
2020-04-17,SPY,265.7263488769531
2020-04-20,SPY,261.04473876953125
2020-04-21,SPY,253.11863708496094
2020-04-22,SPY,258.73651123046875
2020-04-23,SPY,258.7179260253906
2020-04-24,SPY,262.3240966796875
2020-04-27,SPY,266.10638427734375
2020-04-28,SPY,264.8827209472656
2020-04-29,SPY,271.8170166015625
2020-04-30,SPY,269.28619384765625
2020-05-01,SPY,262.1572265625
2020-05-04,SPY,262.88037109375
2020-05-05,SPY,265.3092041015625
2020-05-06,SPY,263.5107421875
2020-05-07,SPY,266.6904296875
2020-05-08,SPY,271.1031494140625
2020-05-11,SPY,271.1588439941406
2020-05-12,SPY,265.7541809082031
2020-05-13,SPY,261.0540771484375
2020-05-14,SPY,264.1781921386719
2020-05-15,SPY,265.3926086425781
2020-05-18,SPY,273.4764099121094
2020-05-19,SPY,270.66748046875
2020-05-20,SPY,275.2655029296875
2020-05-21,SPY,273.3651428222656
2020-05-22,SPY,273.88421630859375
2020-05-26,SPY,277.2586975097656
2020-05-27,SPY,281.3840026855469
2020-05-28,SPY,280.8648376464844
2020-05-29,SPY,282.1163635253906
2020-06-01,SPY,283.2566833496094
2020-06-02,SPY,285.60205078125
2020-06-03,SPY,289.4029541015625
2020-06-04,SPY,288.6427001953125
2020-06-05,SPY,296.0404968261719
2020-06-08,SPY,299.6188659667969
2020-06-09,SPY,297.3846740722656
2020-06-10,SPY,295.7253112792969
2020-06-11,SPY,278.6771240234375
2020-06-12,SPY,282.0144348144531
2020-06-15,SPY,284.6471862792969
2020-06-16,SPY,290.1260070800781
2020-06-17,SPY,288.9208679199219
2020-06-18,SPY,289.0321350097656
2020-06-19,SPY,287.38031005859375
2020-06-22,SPY,289.223876953125
2020-06-23,SPY,290.5554504394531
2020-06-24,SPY,283.1437072753906
2020-06-25,SPY,286.17913818359375
2020-06-26,SPY,279.382080078125
2020-06-29,SPY,283.4881896972656
2020-06-30,SPY,287.11956787109375
2020-07-01,SPY,289.1308288574219
2020-07-02,SPY,290.7229919433594
2020-07-06,SPY,295.2110290527344
2020-07-07,SPY,292.166259765625
2020-07-08,SPY,294.40093994140625
2020-07-09,SPY,292.72491455078125
2020-07-10,SPY,295.7138366699219
2020-07-13,SPY,293.15325927734375
2020-07-14,SPY,296.9522399902344
2020-07-15,SPY,299.680419921875
2020-07-16,SPY,298.6933288574219
2020-07-17,SPY,299.559326171875
2020-07-20,SPY,301.9802551269531
2020-07-21,SPY,302.6227111816406
2020-07-22,SPY,304.3453063964844
2020-07-23,SPY,300.71392822265625
2020-07-24,SPY,298.7772216796875
2020-07-27,SPY,300.9559631347656
2020-07-28,SPY,299.0472412109375
2020-07-29,SPY,302.7251281738281
2020-07-30,SPY,301.64501953125
2020-07-31,SPY,304.0286865234375
2020-08-03,SPY,306.142333984375
2020-08-04,SPY,307.3248291015625
2020-08-05,SPY,309.233642578125
2020-08-06,SPY,311.3006896972656
2020-08-07,SPY,311.5242004394531
2020-08-10,SPY,312.455322265625
2020-08-11,SPY,309.8761291503906
2020-08-12,SPY,314.19647216796875
2020-08-13,SPY,313.6285095214844
2020-08-14,SPY,313.6377868652344
2020-08-17,SPY,314.6341247558594
2020-08-18,SPY,315.31390380859375
2020-08-19,SPY,314.0009765625
2020-08-20,SPY,314.9786376953125
2020-08-21,SPY,316.0959777832031
2020-08-24,SPY,319.2989501953125
2020-08-25,SPY,320.4163513183594
2020-08-26,SPY,323.62872314453125
2020-08-27,SPY,324.33636474609375
2020-08-28,SPY,326.4314270019531
2020-08-31,SPY,325.2488708496094
2020-09-01,SPY,328.312255859375
2020-09-02,SPY,333.06103515625
2020-09-03,SPY,321.5989074707031
2020-09-04,SPY,318.97314453125
2020-09-08,SPY,310.2578430175781
2020-09-09,SPY,316.3846130371094
2020-09-10,SPY,310.89105224609375
2020-09-11,SPY,311.04931640625
2020-09-14,SPY,315.14617919921875
2020-09-15,SPY,316.7384948730469
2020-09-16,SPY,315.4814147949219
2020-09-17,SPY,312.7066650390625
2020-09-18,SPY,309.1065979003906
2020-09-21,SPY,305.66644287109375
2020-09-22,SPY,308.77935791015625
2020-09-23,SPY,301.61859130859375
2020-09-24,SPY,302.4225158691406
2020-09-25,SPY,307.31170654296875
2020-09-28,SPY,312.416015625
2020-09-29,SPY,310.71453857421875
2020-09-30,SPY,313.0704040527344
2020-10-01,SPY,315.08026123046875
2020-10-02,SPY,312.0887756347656
2020-10-05,SPY,317.6230773925781
2020-10-06,SPY,313.1077575683594
2020-10-07,SPY,318.55792236328125
2020-10-08,SPY,321.38116455078125
2020-10-09,SPY,324.2511291503906
2020-10-12,SPY,329.4675598144531
2020-10-13,SPY,327.3173522949219
2020-10-14,SPY,325.2606506347656
2020-10-15,SPY,324.8587646484375
2020-10-16,SPY,324.6624755859375
2020-10-19,SPY,319.7264709472656
2020-10-20,SPY,321.0071716308594
2020-10-21,SPY,320.3996276855469
2020-10-22,SPY,322.1571350097656
2020-10-23,SPY,323.2508544921875
2020-10-26,SPY,317.2771911621094
2020-10-27,SPY,316.1834411621094
2020-10-28,SPY,305.3765869140625
2020-10-29,SPY,308.48028564453125
2020-10-30,SPY,305.26446533203125
2020-11-02,SPY,308.6859130859375
2020-11-03,SPY,314.1361083984375
2020-11-04,SPY,321.15679931640625
2020-11-05,SPY,327.42022705078125
2020-11-06,SPY,327.3454284667969
2020-11-09,SPY,331.458740234375
2020-11-10,SPY,330.9726257324219
2020-11-11,SPY,333.4312744140625
2020-11-12,SPY,330.1967468261719
2020-11-13,SPY,334.7681884765625
2020-11-16,SPY,338.9468994140625
2020-11-17,SPY,337.12396240234375
2020-11-18,SPY,333.06671142578125
2020-11-19,SPY,334.4689636230469
2020-11-20,SPY,332.1786193847656
2020-11-23,SPY,334.169921875
2020-11-24,SPY,339.5545349121094
2020-11-25,SPY,339.031005859375
2020-11-27,SPY,339.9752502441406
2020-11-30,SPY,338.4700927734375
2020-12-01,SPY,342.1720275878906
2020-12-02,SPY,342.8919372558594
2020-12-03,SPY,342.79840087890625
2020-12-04,SPY,345.7525939941406
2020-12-07,SPY,345.0421142578125
2020-12-08,SPY,346.05169677734375
2020-12-09,SPY,342.9479675292969
2020-12-10,SPY,342.8359375
2020-12-11,SPY,342.4338073730469
2020-12-14,SPY,340.9007263183594
2020-12-15,SPY,345.509521484375
2020-12-16,SPY,346.05169677734375
2020-12-17,SPY,347.9868469238281
2020-12-18,SPY,346.5973815917969
2020-12-21,SPY,345.3581237792969
2020-12-22,SPY,344.77606201171875
2020-12-23,SPY,345.0858154296875
2020-12-24,SPY,346.4283752441406
2020-12-28,SPY,349.40447998046875
2020-12-29,SPY,348.7378845214844
2020-12-30,SPY,349.2354736328125
2020-12-31,SPY,351.0098571777344
2021-01-04,SPY,346.23126220703125
2021-01-05,SPY,348.6158752441406
2021-01-06,SPY,350.7000427246094
2021-01-07,SPY,355.9105529785156
2021-01-08,SPY,357.93841552734375
2021-01-11,SPY,355.525634765625
2021-01-12,SPY,355.6007080078125
2021-01-13,SPY,356.5583801269531
2021-01-14,SPY,355.3096618652344
2021-01-15,SPY,352.71856689453125
2021-01-19,SPY,355.48809814453125
2021-01-20,SPY,360.4075927734375
2021-01-21,SPY,360.7361755371094
2021-01-22,SPY,359.4593811035156
2021-01-25,SPY,360.87701416015625
2021-01-26,SPY,360.313720703125
2021-01-27,SPY,351.5074462890625
2021-01-28,SPY,354.5304870605469
2021-01-29,SPY,347.43292236328125
2021-02-01,SPY,353.2160339355469
2021-02-02,SPY,358.2107238769531
2021-02-03,SPY,358.4923400878906
2021-02-04,SPY,362.56689453125
2021-02-05,SPY,363.99395751953125
2021-02-08,SPY,366.6225891113281
2021-02-09,SPY,366.3785095214844
2021-02-10,SPY,366.2189025878906
2021-02-11,SPY,366.81036376953125
2021-02-12,SPY,368.6223449707031
2021-02-16,SPY,368.3031005859375
2021-02-17,SPY,368.3876037597656
2021-02-18,SPY,366.81976318359375
2021-02-19,SPY,366.1719665527344
2021-02-22,SPY,363.35546875
2021-02-23,SPY,363.7967834472656
2021-02-24,SPY,367.8055114746094
2021-02-25,SPY,358.9429626464844
2021-02-26,SPY,357.093505859375
2021-03-01,SPY,365.74945068359375
2021-03-02,SPY,362.89544677734375
2021-03-03,SPY,358.08868408203125
2021-03-04,SPY,353.6573486328125
2021-03-05,SPY,360.1634826660156
2021-03-08,SPY,358.3703308105469
2021-03-09,SPY,363.48699951171875
2021-03-10,SPY,365.74945068359375
2021-03-11,SPY,369.4578552246094
2021-03-12,SPY,369.9554443359375
2021-03-15,SPY,372.1617126464844
2021-03-16,SPY,371.6922607421875
2021-03-17,SPY,372.9597473144531
2021-03-18,SPY,367.5332336425781
2021-03-19,SPY,366.85321044921875
2021-03-22,SPY,369.7825012207031
2021-03-23,SPY,366.8720397949219
2021-03-24,SPY,365.0071105957031
2021-03-25,SPY,367.0603942871094
2021-03-26,SPY,372.9756774902344
2021-03-29,SPY,372.78717041015625
2021-03-30,SPY,371.79827880859375
2021-03-31,SPY,373.3052673339844
2021-04-01,SPY,377.336669921875
2021-04-05,SPY,382.7525329589844
2021-04-06,SPY,382.5265197753906
2021-04-07,SPY,382.96923828125
2021-04-08,SPY,384.78717041015625
2021-04-09,SPY,387.58453369140625
2021-04-12,SPY,387.7258605957031
2021-04-13,SPY,388.87493896484375
2021-04-14,SPY,387.5468444824219
2021-04-15,SPY,391.71014404296875
2021-04-16,SPY,393.01934814453125
2021-04-19,SPY,391.08843994140625
2021-04-20,SPY,388.22509765625
2021-04-21,SPY,391.89849853515625
2021-04-22,SPY,388.3192443847656
2021-04-23,SPY,392.52960205078125
2021-04-26,SPY,393.3489990234375
2021-04-27,SPY,393.2642822265625
2021-04-28,SPY,393.1512145996094
2021-04-29,SPY,395.6566162109375
2021-04-30,SPY,393.05706787109375
2021-05-03,SPY,393.90478515625
2021-05-04,SPY,391.4747009277344
2021-05-05,SPY,391.5970764160156
2021-05-06,SPY,394.7242736816406
2021-05-07,SPY,397.5970458984375
2021-05-10,SPY,393.65985107421875
2021-05-11,SPY,390.14654541015625
2021-05-12,SPY,381.8577880859375
2021-05-13,SPY,386.4448547363281
2021-05-14,SPY,392.3788146972656
2021-05-17,SPY,391.3804626464844
2021-05-18,SPY,388.0084228515625
2021-05-19,SPY,386.9911804199219
2021-05-20,SPY,391.1544494628906
2021-05-21,SPY,390.8341369628906
2021-05-24,SPY,394.8184509277344
2021-05-25,SPY,393.9423828125
2021-05-26,SPY,394.7242736816406
2021-05-27,SPY,394.9314270019531
2021-05-28,SPY,395.6379089355469
2021-06-01,SPY,395.28936767578125
2021-06-02,SPY,395.9109191894531
2021-06-03,SPY,394.4416198730469
2021-06-04,SPY,398.049072265625
2021-06-07,SPY,397.6629638671875
2021-06-08,SPY,397.7477111816406
2021-06-09,SPY,397.154296875
2021-06-10,SPY,399.00048828125
2021-06-11,SPY,399.6597595214844
2021-06-14,SPY,400.5545959472656
2021-06-15,SPY,399.82000732421875
2021-06-16,SPY,397.5875549316406
2021-06-17,SPY,397.45574951171875
2021-06-18,SPY,392.09393310546875
2021-06-21,SPY,397.7071228027344
2021-06-22,SPY,399.83331298828125
2021-06-23,SPY,399.35137939453125
2021-06-24,SPY,401.71380615234375
2021-06-25,SPY,403.1407775878906
2021-06-28,SPY,403.9534606933594
2021-06-29,SPY,404.1708679199219
2021-06-30,SPY,404.5110168457031
2021-07-01,SPY,406.75054931640625
2021-07-02,SPY,409.859619140625
2021-07-06,SPY,409.11309814453125
2021-07-07,SPY,410.55889892578125
2021-07-08,SPY,407.2137145996094
2021-07-09,SPY,411.5606384277344
2021-07-12,SPY,413.03485107421875
2021-07-13,SPY,411.6268310546875
2021-07-14,SPY,412.2409973144531
2021-07-15,SPY,410.8329772949219
2021-07-16,SPY,407.6106262207031
2021-07-19,SPY,401.591064453125
2021-07-20,SPY,407.3459167480469
2021-07-21,SPY,410.6439514160156
2021-07-22,SPY,411.50390625
2021-07-23,SPY,415.7374572753906
2021-07-26,SPY,416.758056640625
2021-07-27,SPY,414.858642578125
2021-07-28,SPY,414.6885070800781
2021-07-29,SPY,416.40838623046875
2021-07-30,SPY,414.3861389160156
2021-08-02,SPY,413.51666259765625
2021-08-03,SPY,416.88092041015625
2021-08-04,SPY,414.830322265625
2021-08-05,SPY,417.45733642578125
2021-08-06,SPY,418.14715576171875
2021-08-09,SPY,417.8069763183594
2021-08-10,SPY,418.3267517089844
2021-08-11,SPY,419.3661804199219
2021-08-12,SPY,420.623046875
2021-08-13,SPY,421.3885192871094
2021-08-16,SPY,422.3807678222656
2021-08-17,SPY,419.6119079589844
2021-08-18,SPY,415.0192565917969
2021-08-19,SPY,415.6618347167969
2021-08-20,SPY,418.96929931640625
2021-08-23,SPY,422.65472412109375
2021-08-24,SPY,423.32574462890625
2021-08-25,SPY,424.2140197753906
2021-08-26,SPY,421.7098388671875
2021-08-27,SPY,425.480224609375
2021-08-30,SPY,427.35137939453125
2021-08-31,SPY,426.7182312011719
2021-09-01,SPY,426.9449768066406
2021-09-02,SPY,428.2585144042969
2021-09-03,SPY,428.1545715332031
2021-09-07,SPY,426.6236877441406
2021-09-08,SPY,426.1039123535156
2021-09-09,SPY,424.2801208496094
2021-09-10,SPY,420.93487548828125
2021-09-13,SPY,422.01214599609375
2021-09-14,SPY,419.7347717285156
2021-09-15,SPY,423.2406311035156
2021-09-16,SPY,422.56976318359375
2021-09-17,SPY,418.45343017578125
2021-09-20,SPY,411.47607421875
2021-09-21,SPY,411.08740234375
2021-09-22,SPY,415.0974426269531
2021-09-23,SPY,420.140869140625
2021-09-24,SPY,420.83294677734375
2021-09-27,SPY,419.6289978027344
2021-09-28,SPY,411.17266845703125
2021-09-29,SPY,411.8647766113281
2021-09-30,SPY,406.830810546875
2021-10-01,SPY,411.6656494140625
2021-10-04,SPY,406.3567810058594
2021-10-05,SPY,410.5849609375
2021-10-06,SPY,412.29132080078125
2021-10-07,SPY,415.8558654785156
2021-10-08,SPY,415.0974426269531
2021-10-11,SPY,412.09228515625
2021-10-12,SPY,411.07794189453125
2021-10-13,SPY,412.5567321777344
2021-10-14,SPY,419.4962158203125
2021-10-15,SPY,422.6910705566406
2021-10-18,SPY,423.9424133300781
2021-10-19,SPY,427.2130432128906
2021-10-20,SPY,428.89105224609375
2021-10-21,SPY,430.009765625
2021-10-22,SPY,429.564208984375
2021-10-25,SPY,431.8678283691406
2021-10-26,SPY,432.2565612792969
2021-10-27,SPY,430.3415222167969
2021-10-28,SPY,434.4938659667969
2021-10-29,SPY,435.3755187988281
2021-11-01,SPY,436.1244201660156
2021-11-02,SPY,437.8876647949219
2021-11-03,SPY,440.5611572265625
2021-11-04,SPY,442.63726806640625
2021-11-05,SPY,444.1731262207031
2021-11-08,SPY,444.55224609375
2021-11-09,SPY,443.08282470703125
2021-11-10,SPY,439.5182800292969
2021-11-11,SPY,439.6604919433594
2021-11-12,SPY,442.9785461425781
2021-11-15,SPY,443.13018798828125
2021-11-16,SPY,444.884033203125
2021-11-17,SPY,443.80340576171875
2021-11-18,SPY,445.31072998046875
2021-11-19,SPY,444.5143737792969
2021-11-22,SPY,443.2629699707031
2021-11-23,SPY,443.85076904296875
2021-11-24,SPY,445.0357360839844
2021-11-26,SPY,435.110107421875
2021-11-29,SPY,440.4473876953125
2021-11-30,SPY,431.8773498535156
2021-12-01,SPY,427.0803527832031
2021-12-02,SPY,433.6217041015625
2021-12-03,SPY,429.8486328125
2021-12-06,SPY,434.939453125
2021-12-07,SPY,443.93609619140625
2021-12-08,SPY,445.111572265625
2021-12-09,SPY,442.1064147949219
2021-12-10,SPY,446.2681579589844
2021-12-13,SPY,442.31494140625
2021-12-14,SPY,439.2718200683594
2021-12-15,SPY,446.13543701171875
2021-12-16,SPY,442.2012023925781
2021-12-17,SPY,437.49493408203125
2021-12-20,SPY,432.84283447265625
2021-12-21,SPY,440.5297546386719
2021-12-22,SPY,444.9344177246094
2021-12-23,SPY,447.7028503417969
2021-12-27,SPY,454.0388488769531
2021-12-28,SPY,453.66778564453125
2021-12-29,SPY,454.248046875
2021-12-30,SPY,452.9923400878906
2021-12-31,SPY,451.8507080078125
2022-01-03,SPY,454.4669189453125
2022-01-04,SPY,454.314697265625
2022-01-05,SPY,445.5908508300781
2022-01-06,SPY,445.1722412109375
2022-01-07,SPY,443.41229248046875
2022-01-10,SPY,442.8605041503906
2022-01-11,SPY,446.8941955566406
2022-01-12,SPY,448.1024169921875
2022-01-13,SPY,441.9281921386719
2022-01-14,SPY,442.10894775390625
2022-01-18,SPY,434.27935791015625
2022-01-19,SPY,429.7699890136719
2022-01-20,SPY,425.01324462890625
2022-01-21,SPY,416.66998291015625
2022-01-24,SPY,418.4394226074219
2022-01-25,SPY,413.3307800292969
2022-01-26,SPY,412.29376220703125
2022-01-27,SPY,410.2579345703125
2022-01-28,SPY,420.4468078613281
2022-01-31,SPY,428.01953125
2022-02-01,SPY,430.9115905761719
2022-02-02,SPY,435.0975036621094
2022-02-03,SPY,424.8705749511719
2022-02-04,SPY,426.868408203125
2022-02-07,SPY,425.4985046386719
2022-02-08,SPY,428.9994201660156
2022-02-09,SPY,435.27825927734375
2022-02-10,SPY,427.4582214355469
2022-02-11,SPY,419.0292663574219
2022-02-14,SPY,417.6593933105469
2022-02-15,SPY,424.3948974609375
2022-02-16,SPY,424.8705749511719
2022-02-17,SPY,415.79473876953125
2022-02-18,SPY,413.10235595703125
2022-02-22,SPY,408.6691589355469
2022-02-23,SPY,401.4198913574219
2022-02-24,SPY,407.4609375
2022-02-25,SPY,416.451171875
2022-02-28,SPY,415.3856201171875
2022-03-01,SPY,409.0592041015625
2022-03-02,SPY,416.5843505859375
2022-03-03,SPY,414.5104064941406
2022-03-04,SPY,411.14263916015625
2022-03-07,SPY,399.0224914550781
2022-03-08,SPY,395.9972229003906
2022-03-09,SPY,406.6142578125
2022-03-10,SPY,404.7781677246094
2022-03-11,SPY,399.63134765625
2022-03-14,SPY,396.7107849121094
2022-03-15,SPY,405.4346008300781
2022-03-16,SPY,414.4248046875
2022-03-17,SPY,419.609619140625
2022-03-18,SPY,424.2055358886719
2022-03-21,SPY,424.08148193359375
2022-03-22,SPY,429.0438537597656
2022-03-23,SPY,423.5184631347656
2022-03-24,SPY,429.9026794433594
2022-03-25,SPY,432.00213623046875
2022-03-28,SPY,435.0749816894531
2022-03-29,SPY,440.45733642578125
2022-03-30,SPY,437.7375183105469
2022-03-31,SPY,431.0001220703125
2022-04-01,SPY,432.2216491699219
2022-04-04,SPY,435.92437744140625
2022-04-05,SPY,430.4179992675781
2022-04-06,SPY,426.1141662597656
2022-04-07,SPY,428.26129150390625
2022-04-08,SPY,427.11614990234375
2022-04-11,SPY,419.8157958984375
2022-04-12,SPY,418.26019287109375
2022-04-13,SPY,423.05084228515625
2022-04-14,SPY,417.7830810546875
2022-04-18,SPY,417.9548645019531
2022-04-19,SPY,424.70172119140625
2022-04-20,SPY,424.3868103027344
2022-04-21,SPY,418.0407409667969
2022-04-22,SPY,406.570068359375
2022-04-25,SPY,408.92718505859375
2022-04-26,SPY,397.0843505859375
2022-04-27,SPY,398.2008361816406
2022-04-28,SPY,408.25921630859375
2022-04-29,SPY,393.17169189453125
2022-05-02,SPY,395.5383605957031
2022-05-03,SPY,397.35150146484375
2022-05-04,SPY,409.4519958496094
2022-05-05,SPY,394.8990173339844
2022-05-06,SPY,392.54180908203125
2022-05-09,SPY,379.9737243652344
2022-05-10,SPY,380.8516540527344
2022-05-11,SPY,374.8014221191406
2022-05-12,SPY,374.41009521484375
2022-05-13,SPY,383.3614807128906
2022-05-16,SPY,381.8058776855469
2022-05-17,SPY,389.6598815917969
2022-05-18,SPY,373.9520263671875
2022-05-19,SPY,371.6617431640625
2022-05-20,SPY,371.8240051269531
2022-05-23,SPY,378.78082275390625
2022-05-24,SPY,375.8893127441406
2022-05-25,SPY,379.21026611328125
2022-05-26,SPY,386.7874450683594
2022-05-27,SPY,396.28277587890625
2022-05-31,SPY,394.0591735839844
2022-06-01,SPY,390.8718566894531
2022-06-02,SPY,398.31536865234375
2022-06-03,SPY,391.77838134765625
2022-06-06,SPY,392.9713134765625
2022-06-07,SPY,396.7407531738281
2022-06-08,SPY,392.4273681640625
2022-06-09,SPY,383.0942077636719
2022-06-10,SPY,371.9861755371094
2022-06-13,SPY,357.8625183105469
2022-06-14,SPY,356.78424072265625
2022-06-15,SPY,361.87060546875
2022-06-16,SPY,349.8941650390625
2022-06-17,SPY,350.6484680175781
2022-06-21,SPY,359.47552490234375
2022-06-22,SPY,358.8238220214844
2022-06-23,SPY,362.3411865234375
2022-06-24,SPY,373.8614196777344
2022-06-27,SPY,372.4334411621094
2022-06-28,SPY,364.823486328125
2022-06-29,SPY,364.5264587402344
2022-06-30,SPY,361.56488037109375
2022-07-01,SPY,365.38897705078125
2022-07-05,SPY,366.0790100097656
2022-07-06,SPY,367.3154296875
2022-07-07,SPY,372.8167724609375
2022-07-08,SPY,372.51007080078125
2022-07-11,SPY,368.25469970703125
2022-07-12,SPY,364.99603271484375
2022-07-13,SPY,363.07916259765625
2022-07-14,SPY,362.1974792480469
2022-07-15,SPY,369.1172790527344
2022-07-18,SPY,366.0694885253906
2022-07-19,SPY,375.9604187011719
2022-07-20,SPY,378.3564147949219
2022-07-21,SPY,382.20928955078125
2022-07-22,SPY,378.6630859375
2022-07-25,SPY,379.1231689453125
2022-07-26,SPY,374.6377868652344
2022-07-27,SPY,384.36572265625
2022-07-28,SPY,389.1866760253906
2022-07-29,SPY,394.86053466796875
2022-08-01,SPY,393.6912536621094
2022-08-02,SPY,391.0939025878906
2022-08-03,SPY,397.2182312011719
2022-08-04,SPY,396.9498596191406
2022-08-05,SPY,396.2789611816406
2022-08-08,SPY,395.81890869140625
2022-08-09,SPY,394.2471618652344
2022-08-10,SPY,402.5279235839844
2022-08-11,SPY,402.5279235839844
2022-08-12,SPY,409.34228515625
2022-08-15,SPY,411.0290832519531
2022-08-16,SPY,411.83416748046875
2022-08-17,SPY,408.91094970703125
2022-08-18,SPY,410.09942626953125
2022-08-19,SPY,404.5884704589844
2022-08-22,SPY,396.1639404296875
2022-08-23,SPY,395.2054443359375
2022-08-24,SPY,396.4706115722656
2022-08-25,SPY,402.06781005859375
2022-08-26,SPY,388.45819091796875
2022-08-29,SPY,385.8896789550781
2022-08-30,SPY,381.6534118652344
2022-08-31,SPY,378.7494201660156
2022-09-01,SPY,379.9378356933594
2022-09-02,SPY,375.9316711425781
2022-09-06,SPY,374.51318359375
2022-09-07,SPY,381.2413024902344
2022-09-08,SPY,383.73321533203125
2022-09-09,SPY,389.6946105957031
2022-09-12,SPY,393.8829040527344
2022-09-13,SPY,376.7558898925781
2022-09-14,SPY,378.19354248046875
2022-09-15,SPY,373.8997802734375
2022-09-16,SPY,371.0473327636719
2022-09-19,SPY,373.9247741699219
2022-09-20,SPY,369.63262939453125
2022-09-21,SPY,363.1849060058594
2022-09-22,SPY,360.13421630859375
2022-09-23,SPY,354.1001892089844
2022-09-26,SPY,350.59722900390625
2022-09-27,SPY,349.7022399902344
2022-09-28,SPY,356.58306884765625
2022-09-29,SPY,349.13446044921875
2022-09-30,SPY,343.7355651855469
2022-10-03,SPY,352.81060791015625
2022-10-04,SPY,363.7430114746094
2022-10-05,SPY,362.8961486816406
2022-10-06,SPY,359.15264892578125
2022-10-07,SPY,349.13446044921875
2022-10-10,SPY,346.4687194824219
2022-10-11,SPY,344.2745361328125
2022-10-12,SPY,343.138916015625
2022-10-13,SPY,352.1946716308594
2022-10-14,SPY,344.16864013671875
2022-10-17,SPY,353.0127258300781
2022-10-18,SPY,357.1604919433594
2022-10-19,SPY,354.62945556640625
2022-10-20,SPY,351.65582275390625
2022-10-21,SPY,360.2015380859375
2022-10-24,SPY,364.6091003417969
2022-10-25,SPY,370.4314880371094
2022-10-26,SPY,367.6405944824219
2022-10-27,SPY,365.67742919921875
2022-10-28,SPY,374.3771057128906
2022-10-31,SPY,371.67291259765625
2022-11-01,SPY,370.0464782714844
2022-11-02,SPY,360.75970458984375
2022-11-03,SPY,357.04498291015625
2022-11-04,SPY,362.18402099609375
2022-11-07,SPY,365.6485290527344
2022-11-08,SPY,367.621337890625
2022-11-09,SPY,360.0475769042969
2022-11-10,SPY,379.83367919921875
2022-11-11,SPY,383.5098876953125
2022-11-14,SPY,380.2475280761719
2022-11-15,SPY,383.49066162109375
2022-11-16,SPY,380.5650939941406
2022-11-17,SPY,379.40057373046875
2022-11-18,SPY,381.12322998046875
2022-11-21,SPY,379.7374572753906
2022-11-22,SPY,384.8475646972656
2022-11-23,SPY,387.2726745605469
2022-11-25,SPY,387.1860656738281
2022-11-28,SPY,381.0077209472656
2022-11-29,SPY,380.3533630371094
2022-11-30,SPY,392.3346862792969
2022-12-01,SPY,392.0460510253906
2022-12-02,SPY,391.59375
2022-12-05,SPY,384.54925537109375
2022-12-06,SPY,379.0060729980469
2022-12-07,SPY,378.3612976074219
2022-12-08,SPY,381.3253479003906
2022-12-09,SPY,378.47674560546875
2022-12-12,SPY,383.9333190917969
2022-12-13,SPY,386.83966064453125
2022-12-14,SPY,384.3663635253906
2022-12-15,SPY,374.9641418457031
2022-12-16,SPY,370.5372619628906
2022-12-19,SPY,367.3952331542969
2022-12-20,SPY,367.8979797363281
2022-12-21,SPY,373.39892578125
2022-12-22,SPY,368.072021484375
2022-12-23,SPY,370.189208984375
2022-12-27,SPY,368.7293701171875
2022-12-28,SPY,364.14691162109375
2022-12-29,SPY,370.7016296386719
2022-12-30,SPY,369.7252502441406
2023-01-03,SPY,368.1687316894531
2023-01-04,SPY,371.0110168457031
2023-01-05,SPY,366.7765197753906
2023-01-06,SPY,375.1874694824219
2023-01-09,SPY,374.97479248046875
2023-01-10,SPY,377.6044006347656
2023-01-11,SPY,382.38031005859375
2023-01-12,SPY,383.7724609375
2023-01-13,SPY,385.26129150390625
2023-01-17,SPY,384.5555114746094
2023-01-18,SPY,378.48419189453125
2023-01-19,SPY,375.7288513183594
2023-01-20,SPY,382.7283020019531
2023-01-23,SPY,387.3205261230469
2023-01-24,SPY,386.9048767089844
2023-01-25,SPY,387.0499267578125
2023-01-26,SPY,391.3037109375
2023-01-27,SPY,392.2027893066406
2023-01-30,SPY,387.2818603515625
2023-01-31,SPY,392.9761962890625
2023-02-01,SPY,397.15264892578125
2023-02-02,SPY,402.9340515136719
2023-02-03,SPY,398.65118408203125
2023-02-06,SPY,396.2148742675781
2023-02-07,SPY,401.39678955078125
2023-02-08,SPY,397.0076599121094
2023-02-09,SPY,393.56597900390625
2023-02-10,SPY,394.4844055175781
2023-02-13,SPY,399.115234375
2023-02-14,SPY,398.93157958984375
2023-02-15,SPY,400.2270812988281
2023-02-16,SPY,394.7164611816406
2023-02-17,SPY,393.7303161621094
2023-02-21,SPY,385.8317565917969
2023-02-22,SPY,385.3000183105469
2023-02-23,SPY,387.34954833984375
2023-02-24,SPY,383.2118225097656
2023-02-27,SPY,384.51690673828125
2023-02-28,SPY,383.0957336425781
2023-03-01,SPY,381.626220703125
2023-03-02,SPY,384.59423828125
2023-03-03,SPY,390.7622375488281
2023-03-06,SPY,391.0329895019531
2023-03-07,SPY,385.0389709472656
2023-03-08,SPY,385.6673583984375
2023-03-09,SPY,378.5519104003906
2023-03-10,SPY,373.08953857421875
2023-03-13,SPY,372.5578308105469
2023-03-14,SPY,378.7162170410156
2023-03-15,SPY,376.3475646972656
2023-03-16,SPY,382.95062255859375
2023-03-17,SPY,378.4729919433594
2023-03-20,SPY,382.11224365234375
2023-03-21,SPY,387.1295471191406
2023-03-22,SPY,380.5303955078125
2023-03-23,SPY,381.55908203125
2023-03-24,SPY,384.0628662109375
2023-03-27,SPY,384.7810363769531
2023-03-28,SPY,383.9173278808594
2023-03-29,SPY,389.49749755859375
2023-03-30,SPY,391.7781066894531
2023-03-31,SPY,397.3000793457031
2023-04-03,SPY,398.81402587890625
2023-04-04,SPY,396.6013488769531
2023-04-05,SPY,395.56292724609375
2023-04-06,SPY,397.1059265136719
2023-04-10,SPY,397.5135498046875
2023-04-11,SPY,397.62030029296875
2023-04-12,SPY,395.9996337890625
2023-04-13,SPY,401.25958251953125
2023-04-14,SPY,400.2793884277344
2023-04-17,SPY,401.7156982421875
2023-04-18,SPY,401.9777526855469
2023-04-19,SPY,401.9097900390625
2023-04-20,SPY,399.716552734375
2023-04-21,SPY,400.0271301269531
2023-04-24,SPY,400.4444274902344
2023-04-25,SPY,394.08782958984375
2023-04-26,SPY,392.4186096191406
2023-04-27,SPY,400.23089599609375
2023-04-28,SPY,403.64691162109375
2023-05-01,SPY,403.23931884765625
2023-05-02,SPY,398.7072448730469
2023-05-03,SPY,395.9705505371094
2023-05-04,SPY,393.1658630371094
2023-05-05,SPY,400.4444274902344
2023-05-08,SPY,400.5511169433594
2023-05-09,SPY,398.7945556640625
2023-05-10,SPY,400.6579284667969
2023-05-11,SPY,399.9591979980469
2023-05-12,SPY,399.4350891113281
2023-05-15,SPY,400.8131408691406
2023-05-16,SPY,398.1346130371094
2023-05-17,SPY,402.9676208496094
2023-05-18,SPY,406.8495178222656
2023-05-19,SPY,406.2574768066406
2023-05-22,SPY,406.4225158691406
2023-05-23,SPY,401.86126708984375
2023-05-24,SPY,398.9498596191406
2023-05-25,SPY,402.4047546386719
2023-05-26,SPY,407.6161193847656
2023-05-30,SPY,407.7714538574219
2023-05-31,SPY,405.5102233886719
2023-06-01,SPY,409.363037109375
2023-06-02,SPY,415.2828369140625
2023-06-05,SPY,414.48712158203125
2023-06-06,SPY,415.3896179199219
2023-06-07,SPY,413.9532470703125
2023-06-08,SPY,416.4571533203125
2023-06-09,SPY,417.2043762207031
2023-06-12,SPY,420.98919677734375
2023-06-13,SPY,423.7647705078125
2023-06-14,SPY,424.2694091796875
2023-06-15,SPY,429.5293273925781
2023-06-16,SPY,428.0662536621094
2023-06-20,SPY,425.84539794921875
2023-06-21,SPY,423.6634521484375
2023-06-22,SPY,425.1927185058594
2023-06-23,SPY,421.9783020019531
2023-06-26,SPY,420.25421142578125
2023-06-27,SPY,424.861572265625
2023-06-28,SPY,425.0758972167969
2023-06-29,SPY,426.7512512207031
2023-06-30,SPY,431.7872314453125
2023-07-03,SPY,432.2839660644531
2023-07-05,SPY,431.64111328125
2023-07-06,SPY,428.2610778808594
2023-07-07,SPY,427.1799011230469
2023-07-10,SPY,428.2610778808594
2023-07-11,SPY,430.9884948730469
2023-07-12,SPY,434.4561767578125
2023-07-13,SPY,437.9044189453125
2023-07-14,SPY,437.63165283203125
2023-07-17,SPY,439.1512145996094
2023-07-18,SPY,442.41436767578125
2023-07-19,SPY,443.398193359375
2023-07-20,SPY,440.45648193359375
2023-07-21,SPY,440.45648193359375
2023-07-24,SPY,442.42413330078125
2023-07-25,SPY,443.6319580078125
2023-07-26,SPY,443.70013427734375
2023-07-27,SPY,440.7584228515625
2023-07-28,SPY,445.0736083984375
2023-07-31,SPY,445.9210205078125
2023-08-01,SPY,444.64501953125
2023-08-02,SPY,438.45965576171875
2023-08-03,SPY,437.203125
2023-08-04,SPY,435.2257080078125
2023-08-07,SPY,439.0245666503906
2023-08-08,SPY,437.1153869628906
2023-08-09,SPY,434.19317626953125
2023-08-10,SPY,434.3490905761719
2023-08-11,SPY,434.09576416015625
2023-08-14,SPY,436.4920349121094
2023-08-15,SPY,431.4073181152344
2023-08-16,SPY,428.2415771484375
2023-08-17,SPY,424.97845458984375
2023-08-18,SPY,425.1829528808594
2023-08-21,SPY,427.9493713378906
2023-08-22,SPY,426.7902526855469
2023-08-23,SPY,431.5436706542969
2023-08-24,SPY,425.5628967285156
2023-08-25,SPY,428.5630187988281
2023-08-28,SPY,431.2807312011719
2023-08-29,SPY,437.5148010253906
2023-08-30,SPY,439.3168029785156
2023-08-31,SPY,438.6739196777344
2023-09-01,SPY,439.49212646484375
2023-09-05,SPY,437.59271240234375
2023-09-06,SPY,434.6510314941406
2023-09-07,SPY,433.3165283203125
2023-09-08,SPY,433.9691162109375
2023-09-11,SPY,436.8231506347656
2023-09-12,SPY,434.4269714355469
2023-09-13,SPY,434.9335021972656
2023-09-14,SPY,438.68365478515625
2023-09-15,SPY,433.3982849121094
2023-09-18,SPY,433.6524353027344
2023-09-19,SPY,432.7530822753906
2023-09-20,SPY,428.774658203125
2023-09-21,SPY,421.6877136230469
2023-09-22,SPY,420.7395324707031
2023-09-25,SPY,422.5088195800781
2023-09-26,SPY,416.3016357421875
2023-09-27,SPY,416.46783447265625
2023-09-28,SPY,418.88226318359375
2023-09-29,SPY,417.86566162109375
2023-10-02,SPY,417.6994934082031
2023-10-03,SPY,412.1081237792969
2023-10-04,SPY,415.1090393066406
2023-10-05,SPY,414.9526672363281
2023-10-06,SPY,419.8793640136719
2023-10-09,SPY,422.56744384765625
2023-10-10,SPY,424.766845703125
2023-10-11,SPY,426.5068359375
2023-10-12,SPY,423.9066467285156
2023-10-13,SPY,421.79522705078125
2023-10-16,SPY,426.2331237792969
2023-10-17,SPY,426.2135314941406
2023-10-18,SPY,420.53424072265625
2023-10-19,SPY,416.8392639160156
2023-10-20,SPY,411.71710205078125
2023-10-23,SPY,411.0035400390625
2023-10-24,SPY,414.10223388671875
2023-10-25,SPY,408.1589660644531
2023-10-26,SPY,403.27142333984375
2023-10-27,SPY,401.44354248046875
2023-10-30,SPY,406.2430419921875
2023-10-31,SPY,408.7943420410156
2023-11-01,SPY,413.154052734375
2023-11-02,SPY,421.0718994140625
2023-11-03,SPY,424.9134826660156
2023-11-06,SPY,425.8909912109375
2023-11-07,SPY,427.1030578613281
2023-11-08,SPY,427.4158935546875
2023-11-09,SPY,424.0826110839844
2023-11-10,SPY,430.7003173828125
2023-11-13,SPY,430.289794921875
2023-11-14,SPY,438.6376953125
2023-11-15,SPY,439.56634521484375
2023-11-16,SPY,440.1040344238281
2023-11-17,SPY,440.6513671875
2023-11-20,SPY,444.0433349609375
2023-11-21,SPY,443.0755615234375
2023-11-22,SPY,444.7862548828125
2023-11-24,SPY,445.0599365234375
2023-11-27,SPY,444.25836181640625
2023-11-28,SPY,444.6982727050781
2023-11-29,SPY,444.38543701171875
2023-11-30,SPY,446.1352233886719
2023-12-01,SPY,448.7745056152344
2023-12-04,SPY,446.4186706542969
2023-12-05,SPY,446.3307189941406
2023-12-06,SPY,444.5321350097656
2023-12-07,SPY,447.924072265625
2023-12-08,SPY,449.8497619628906
2023-12-11,SPY,451.5994567871094
2023-12-12,SPY,453.6620178222656
2023-12-13,SPY,459.9181213378906
2023-12-14,SPY,461.3941345214844
2023-12-15,SPY,460.6344299316406
2023-12-18,SPY,463.22552490234375
2023-12-19,SPY,466.0423583984375
2023-12-20,SPY,459.5842590332031
2023-12-21,SPY,463.94207763671875
2023-12-22,SPY,464.8744201660156
2023-12-26,SPY,466.83734130859375
2023-12-27,SPY,467.6814270019531
2023-12-28,SPY,467.8581237792969
2023-12-29,SPY,466.503662109375
2024-01-02,SPY,463.8929748535156
2024-01-03,SPY,460.1044616699219
2024-01-04,SPY,458.6224365234375
2024-01-05,SPY,459.2505798339844
2024-01-08,SPY,465.80682373046875
2024-01-09,SPY,465.1001892089844
2024-01-10,SPY,467.73046875
2024-01-11,SPY,467.5244445800781
2024-01-12,SPY,467.8482971191406
2024-01-16,SPY,466.1307067871094
2024-01-17,SPY,463.53961181640625
2024-01-18,SPY,467.6617736816406
2024-01-19,SPY,473.4917297363281
2024-01-22,SPY,474.49285888671875
2024-01-23,SPY,475.8766784667969
2024-01-24,SPY,476.39691162109375
2024-01-25,SPY,478.9880065917969
2024-01-26,SPY,478.3795166015625
2024-01-29,SPY,482.1679382324219
2024-01-30,SPY,481.7950134277344
2024-01-31,SPY,473.93341064453125
2024-02-01,SPY,480.1363830566406
2024-02-02,SPY,485.19091796875
2024-02-05,SPY,483.4242248535156
2024-02-06,SPY,484.8277587890625
2024-02-07,SPY,488.87139892578125
2024-02-08,SPY,489.08740234375
2024-02-09,SPY,491.9140319824219
2024-02-12,SPY,491.6980895996094
2024-02-13,SPY,484.9258728027344
2024-02-14,SPY,489.3327331542969
2024-02-15,SPY,492.7090148925781
2024-02-16,SPY,490.25531005859375
2024-02-20,SPY,487.5562438964844
2024-02-21,SPY,487.9979553222656
2024-02-22,SPY,498.0972595214844
2024-02-23,SPY,498.4407958984375
2024-02-26,SPY,496.6152038574219
2024-02-27,SPY,497.5378112792969
2024-02-28,SPY,496.8802185058594
2024-02-29,SPY,498.66650390625
2024-03-01,SPY,503.34808349609375
2024-03-04,SPY,502.808349609375
2024-03-05,SPY,497.783203125
2024-03-06,SPY,500.3055419921875
2024-03-07,SPY,505.2718505859375
2024-03-08,SPY,502.2391052246094
2024-03-11,SPY,501.8072204589844
2024-03-12,SPY,507.20538330078125
2024-03-13,SPY,506.41033935546875
2024-03-14,SPY,505.4092102050781
2024-03-15,SPY,501.9388122558594
2024-03-18,SPY,504.921875
2024-03-19,SPY,507.7278137207031
2024-03-20,SPY,512.4239501953125
2024-03-21,SPY,514.1173706054688
2024-03-22,SPY,513.1426391601562
2024-03-25,SPY,511.7249755859375
2024-03-26,SPY,510.7798156738281
2024-03-27,SPY,515.0723266601562
2024-03-28,SPY,514.973876953125
2024-04-01,SPY,514.0779418945312
2024-04-02,SPY,510.80938720703125
2024-04-03,SPY,511.3704528808594
2024-04-04,SPY,505.128662109375
2024-04-05,SPY,510.4056701660156
2024-04-08,SPY,510.691162109375
2024-04-09,SPY,511.2818908691406
2024-04-10,SPY,506.16241455078125
2024-04-11,SPY,509.98236083984375
2024-04-12,SPY,502.9429931640625
2024-04-15,SPY,496.64215087890625
2024-04-16,SPY,495.736328125
2024-04-17,SPY,492.8024597167969
2024-04-18,SPY,491.7883605957031
2024-04-19,SPY,487.4958801269531
2024-04-22,SPY,491.9853210449219
2024-04-23,SPY,497.823486328125
2024-04-24,SPY,497.5871887207031
2024-04-25,SPY,495.6969299316406
2024-04-26,SPY,500.39312744140625
2024-04-29,SPY,502.1652526855469
2024-04-30,SPY,494.2102966308594
2024-05-01,SPY,492.6055603027344
2024-05-02,SPY,497.2131042480469
2024-05-03,SPY,503.376220703125
2024-05-06,SPY,508.574462890625
2024-05-07,SPY,509.1357116699219
2024-05-08,SPY,509.1849060058594
2024-05-09,SPY,512.1187133789062
2024-05-10,SPY,512.7784423828125
2024-05-13,SPY,512.8472900390625
2024-05-14,SPY,515.2002563476562
2024-05-15,SPY,521.5800170898438
2024-05-16,SPY,520.5068969726562
2024-05-17,SPY,521.2550659179688
2024-05-20,SPY,521.8557739257812
2024-05-21,SPY,523.1355590820312
2024-05-22,SPY,521.6293334960938
2024-05-23,SPY,517.8192138671875
2024-05-24,SPY,521.245361328125
2024-05-28,SPY,521.609619140625
2024-05-29,SPY,517.9569702148438
2024-05-30,SPY,514.5209350585938
2024-05-31,SPY,519.2073364257812
2024-06-03,SPY,519.630615234375
2024-06-04,SPY,520.2116088867188
2024-06-05,SPY,526.3943481445312
2024-06-06,SPY,526.3843994140625
2024-06-07,SPY,525.7445678710938
2024-06-10,SPY,527.3689575195312
2024-06-11,SPY,528.6390380859375
2024-06-12,SPY,532.9807739257812
2024-06-13,SPY,534.0538940429688
2024-06-14,SPY,534.3788452148438
2024-06-17,SPY,538.6318969726562
2024-06-18,SPY,540.0004272460938
2024-06-20,SPY,538.533447265625
2024-06-21,SPY,537.8114624023438
2024-06-24,SPY,536.063232421875
2024-06-25,SPY,538.1275634765625
2024-06-26,SPY,538.7991943359375
2024-06-27,SPY,539.648681640625
2024-06-28,SPY,537.5250244140625
2024-07-01,SPY,538.6312866210938
2024-07-02,SPY,542.2561645507812
2024-07-03,SPY,544.676025390625
2024-07-05,SPY,547.81689453125
2024-07-08,SPY,548.4490356445312
2024-07-09,SPY,548.9823608398438
2024-07-10,SPY,554.4146728515625
2024-07-11,SPY,549.6341552734375
2024-07-12,SPY,553.10107421875
2024-07-15,SPY,554.6221313476562
2024-07-16,SPY,557.9111328125
2024-07-17,SPY,550.088623046875
2024-07-18,SPY,545.8612060546875
2024-07-19,SPY,542.2363891601562
2024-07-22,SPY,547.8268432617188
2024-07-23,SPY,546.9674682617188
2024-07-24,SPY,534.5718383789062
2024-07-25,SPY,531.7864990234375
2024-07-26,SPY,537.742431640625
2024-07-29,SPY,538.0584106445312
2024-07-30,SPY,535.3323364257812
2024-07-31,SPY,544.0339965820312
2024-08-01,SPY,536.3298950195312
2024-08-02,SPY,526.3442993164062
2024-08-05,SPY,511.0152587890625
2024-08-06,SPY,515.7266235351562
2024-08-07,SPY,512.2794189453125
2024-08-08,SPY,524.1220092773438
2024-08-09,SPY,526.4332275390625
2024-08-12,SPY,526.7097778320312
2024-08-13,SPY,535.371826171875
2024-08-14,SPY,537.0608520507812
2024-08-15,SPY,546.26611328125
2024-08-16,SPY,547.4909057617188
2024-08-19,SPY,552.7257080078125
2024-08-20,SPY,551.826904296875
2024-08-21,SPY,553.7232666015625
2024-08-22,SPY,549.3773803710938
2024-08-23,SPY,555.2146606445312
2024-08-26,SPY,553.8912353515625
2024-08-27,SPY,554.6517944335938
2024-08-28,SPY,551.4318237304688
2024-08-29,SPY,551.4811401367188
2024-08-30,SPY,556.7456665039062
2024-09-03,SPY,545.2884521484375
2024-09-04,SPY,544.1723022460938
2024-09-05,SPY,542.8487548828125
2024-09-06,SPY,533.7125244140625
2024-09-09,SPY,539.6881103515625
2024-09-10,SPY,542.038818359375
2024-09-11,SPY,547.5995483398438
2024-09-12,SPY,552.212158203125
2024-09-13,SPY,555.09619140625
2024-09-16,SPY,555.916015625
2024-09-17,SPY,556.1431884765625
2024-09-18,SPY,554.4937744140625
2024-09-19,SPY,563.9558715820312
2024-09-20,SPY,562.9810180664062
2024-09-23,SPY,564.3877563476562
2024-09-24,SPY,566.002685546875
2024-09-25,SPY,564.7543334960938
2024-09-26,SPY,566.9934692382812
2024-09-27,SPY,566.1710815429688
2024-09-30,SPY,568.4398803710938
2024-10-01,SPY,563.3475952148438
2024-10-02,SPY,563.5853271484375
2024-10-03,SPY,562.5549926757812
2024-10-04,SPY,567.6671142578125
2024-10-07,SPY,562.53515625
2024-10-08,SPY,567.8553466796875
2024-10-09,SPY,571.7886352539062
2024-10-10,SPY,570.7879028320312
2024-10-11,SPY,574.2058715820312
2024-10-14,SPY,578.9019775390625
2024-10-15,SPY,574.4041137695312
2024-10-16,SPY,576.9006958007812
2024-10-17,SPY,576.9501953125
2024-10-18,SPY,579.1694946289062
2024-10-21,SPY,578.2183837890625
2024-10-22,SPY,577.9112548828125
2024-10-23,SPY,572.6306762695312
2024-10-24,SPY,573.8690795898438
2024-10-25,SPY,573.6708984375
2024-10-28,SPY,575.4443359375
2024-10-29,SPY,576.3756103515625
2024-10-30,SPY,574.6319580078125
2024-10-31,SPY,563.367431640625
2024-11-01,SPY,565.7450561523438
2024-11-04,SPY,564.5264282226562
2024-11-05,SPY,571.3526611328125
2024-11-06,SPY,585.5596923828125
2024-11-07,SPY,590.0872802734375
2024-11-08,SPY,592.6434326171875
2024-11-11,SPY,593.2080688476562
2024-11-12,SPY,591.3654174804688
2024-11-13,SPY,591.6527099609375
2024-11-14,SPY,587.8482055664062
2024-11-15,SPY,580.3186645507812
2024-11-18,SPY,582.6964721679688
2024-11-19,SPY,584.8264770507812
2024-11-20,SPY,585.024658203125
2024-11-21,SPY,588.1652221679688
2024-11-22,SPY,589.98828125
2024-11-25,SPY,591.989501953125
2024-11-26,SPY,595.08056640625
2024-11-27,SPY,593.2774047851562
2024-11-29,SPY,596.9629516601562
2024-12-02,SPY,598.032958984375
2024-12-03,SPY,598.3102416992188
2024-12-04,SPY,602.0255126953125
2024-12-05,SPY,601.0347900390625
2024-12-06,SPY,602.1741943359375
2024-12-09,SPY,599.0731811523438
2024-12-10,SPY,597.2106323242188
2024-12-11,SPY,601.827392578125
2024-12-12,SPY,598.7264404296875
2024-12-13,SPY,598.6076049804688
2024-12-16,SPY,601.1636352539062
2024-12-17,SPY,598.686767578125
2024-12-18,SPY,580.8438110351562
2024-12-19,SPY,580.6654052734375
2024-12-20,SPY,587.6398315429688
2024-12-23,SPY,591.1588134765625
2024-12-24,SPY,597.7294921875
2024-12-26,SPY,597.7693481445312
2024-12-27,SPY,591.4768676757812
2024-12-30,SPY,584.7271728515625
2024-12-31,SPY,582.5999145507812
2025-01-02,SPY,581.16845703125
2025-01-03,SPY,588.43505859375
2025-01-06,SPY,591.8247680664062
2025-01-07,SPY,585.134765625
2025-01-08,SPY,585.9896850585938
2025-01-10,SPY,577.0430908203125
2025-01-13,SPY,577.937744140625
2025-01-14,SPY,578.7329711914062
2025-01-15,SPY,589.2601318359375
2025-01-16,SPY,588.1268920898438
2025-01-17,SPY,594.0316162109375
2025-01-21,SPY,599.4691162109375
2025-01-22,SPY,602.8389892578125
2025-01-23,SPY,606.1293334960938
2025-01-24,SPY,604.35986328125
2025-01-27,SPY,595.81103515625
2025-01-28,SPY,600.930419921875
2025-01-29,SPY,598.2365112304688
2025-01-30,SPY,601.4473266601562
2025-01-31,SPY,598.2464599609375
2025-02-03,SPY,594.2205200195312
2025-02-04,SPY,598.2066650390625
2025-02-05,SPY,600.6321411132812
2025-02-06,SPY,602.7197265625
2025-02-07,SPY,597.2026977539062
2025-02-10,SPY,601.2584228515625
2025-02-11,SPY,601.7157592773438
2025-02-12,SPY,599.7772827148438
2025-02-13,SPY,606.1094360351562
2025-02-14,SPY,606.0796508789062
2025-02-18,SPY,607.8590087890625
2025-02-19,SPY,609.2904663085938
2025-02-20,SPY,606.755615234375
2025-02-21,SPY,596.3776245117188
2025-02-24,SPY,593.663818359375
2025-02-25,SPY,590.71142578125
2025-02-26,SPY,591.0096435546875
2025-02-27,SPY,581.5759887695312
2025-02-28,SPY,590.6517944335938
2025-03-03,SPY,580.3036499023438
2025-03-04,SPY,573.4346313476562
2025-03-05,SPY,579.5978393554688
2025-03-06,SPY,569.309326171875
2025-03-07,SPY,572.5001831054688
2025-03-10,SPY,557.2513427734375
2025-03-11,SPY,552.6189575195312
2025-03-12,SPY,555.551513671875
2025-03-13,SPY,548.1456909179688
2025-03-14,SPY,559.4680786132812
2025-03-17,SPY,563.7823486328125
2025-03-18,SPY,557.688720703125
2025-03-19,SPY,563.762451171875
2025-03-20,SPY,562.1321411132812
2025-03-21,SPY,562.317626953125
2025-03-24,SPY,572.3878784179688
2025-03-25,SPY,573.7637939453125
2025-03-26,SPY,566.9140625
2025-03-27,SPY,565.4085083007812
2025-03-28,SPY,554.0221557617188
2025-03-31,SPY,557.7411499023438
2025-04-01,SPY,559.3164672851562
2025-04-02,SPY,562.8560791015625
2025-04-03,SPY,535.1180419921875
2025-04-04,SPY,503.7906494140625
2025-04-07,SPY,502.893310546875
2025-04-08,SPY,495.0166015625
2025-04-09,SPY,547.0029296875
2025-04-10,SPY,523.0337524414062
2025-04-11,SPY,532.3661499023438
2025-04-14,SPY,537.5308837890625
2025-04-15,SPY,536.0253295898438
2025-04-16,SPY,524.1105346679688
2025-04-17,SPY,524.8583374023438
2025-04-21,SPY,512.3652954101562
2025-04-22,SPY,525.6959228515625
2025-04-23,SPY,533.841796875
2025-04-24,SPY,545.07861328125
2025-04-25,SPY,549.0169677734375
2025-04-28,SPY,549.226318359375
2025-04-29,SPY,552.6860961914062
2025-04-30,SPY,552.9054565429688
2025-05-01,SPY,556.8238525390625
2025-05-02,SPY,565.0894165039062
2025-05-05,SPY,561.8489990234375
2025-05-06,SPY,557.1528930664062
2025-05-07,SPY,559.4959716796875
2025-05-08,SPY,563.3944702148438
2025-05-09,SPY,562.6765747070312
2025-05-12,SPY,581.2716064453125
2025-05-13,SPY,585.1102905273438
2025-05-14,SPY,585.8580932617188
2025-05-15,SPY,588.7196044921875
2025-05-16,SPY,592.4485473632812
2025-05-19,SPY,593.0966186523438
2025-05-20,SPY,591.1025390625
2025-05-21,SPY,581.1419677734375
2025-05-22,SPY,581.371337890625
2025-05-23,SPY,577.4030151367188
2025-05-27,SPY,589.4075927734375
2025-05-28,SPY,585.9976196289062
2025-05-29,SPY,588.310791015625
2025-05-30,SPY,587.6527709960938
2025-06-02,SPY,590.9629516601562
2025-06-03,SPY,594.3330078125
2025-06-04,SPY,594.1734619140625
2025-06-05,SPY,591.3019409179688
2025-06-06,SPY,597.3740234375
2025-06-09,SPY,597.9124145507812
2025-06-10,SPY,601.3023681640625
2025-06-11,SPY,599.5874633789062
2025-06-12,SPY,601.9703979492188
2025-06-13,SPY,595.2402954101562
2025-06-16,SPY,600.903564453125
2025-06-17,SPY,595.768798828125
2025-06-18,SPY,595.6790161132812
2025-06-20,SPY,594.280029296875
2025-06-23,SPY,600.1500244140625
2025-06-24,SPY,606.780029296875
2025-06-25,SPY,607.1199951171875
2025-06-26,SPY,611.8699951171875
2025-06-27,SPY,614.9099731445312
2025-06-30,SPY,617.8499755859375
2025-07-01,SPY,617.6500244140625
2025-07-02,SPY,620.4500122070312
2025-07-03,SPY,625.3400268554688
2025-07-07,SPY,620.6799926757812
2025-07-08,SPY,620.3400268554688
2025-07-09,SPY,624.0599975585938
2025-07-10,SPY,625.8200073242188
2025-07-11,SPY,623.6199951171875
2025-07-14,SPY,624.8099975585938
2025-07-15,SPY,622.1400146484375
2025-07-16,SPY,624.219970703125
2025-07-17,SPY,628.0399780273438
2025-07-18,SPY,627.5800170898438
2025-07-21,SPY,628.77001953125
2025-07-22,SPY,628.8599853515625
2025-07-23,SPY,634.2100219726562
2025-07-24,SPY,634.4199829101562
2025-07-25,SPY,637.0999755859375
2025-07-28,SPY,636.9400024414062
2025-07-29,SPY,635.260009765625
2025-07-30,SPY,634.4600219726562
2025-07-31,SPY,632.0800170898438
2025-08-01,SPY,621.719970703125
2025-08-04,SPY,631.1699829101562
2025-08-05,SPY,627.969970703125
2025-08-06,SPY,632.780029296875
2025-08-07,SPY,632.25
2025-08-08,SPY,637.1799926757812
2025-08-11,SPY,635.9199829101562
2025-08-12,SPY,642.6900024414062
2025-08-13,SPY,644.8900146484375
2025-08-14,SPY,644.9500122070312
2025-08-15,SPY,643.4400024414062
